method,profile,accuracy,mean_latency_ms,p95_latency_ms,deadline_miss_rate,mean_upload_kb,mean_energy_j,exit_rate,offload_rate,local_rate,selective_error,action_cloud_raw_rate,action_split_l1_rate,action_split_l2_rate,action_split_l3_rate,action_local_full_rate,dataset,seed,alpha,bottleneck_channels,bottleneck_epochs,raw_input_scale
cloud_only,wifi,0.99725,68.83719726456424,109.64514500820844,0.3934166666666667,128.0,0.06400000000000002,0.0,1.0,0.0,0.0,1.0,0.0,0.0,0.0,0.0,mnist,7,0.1,8,8,128.0
deadline_greedy,wifi,0.991,56.546100819435964,95.35793091372226,0.18841666666666668,2.0,0.008733000000000003,0.0,1.0,0.0,0.0,0.0,1.0,0.0,0.0,0.0,mnist,7,0.1,8,8,128.0
oracle_split,wifi,0.9914166666666666,56.48439824743309,95.27035074303411,0.18808333333333332,6.683,0.010787090166666667,0.0,1.0,0.0,0.0,0.03716666666666667,0.9628333333333333,0.0,0.0,0.0,mnist,7,0.1,8,8,128.0
coda_split_controller,wifi,0.991,56.546100819435964,95.35793091372226,0.18841666666666668,2.0,0.008733000000000003,0.0,1.0,0.0,0.0,0.0,1.0,0.0,0.0,0.0,mnist,7,0.1,8,8,128.0
coda_controller,wifi,0.9971666666666666,60.74574039696291,60.7726,0.0011666666666666668,0.011166666666666667,0.03026510408333334,0.0,0.005583333333333333,0.9944166666666666,0.0,0.0,0.005583333333333333,0.0,0.0,0.9944166666666666,mnist,7,0.1,8,8,128.0
cloud_only,lte,0.99725,170.76410486463578,276.5386646363351,0.99775,128.0,0.06400000000000002,0.0,1.0,0.0,0.0,1.0,0.0,0.0,0.0,0.0,mnist,7,0.1,8,8,128.0
deadline_greedy,lte,0.991,92.5844456151412,147.55532682171258,0.7555,2.0,0.008733000000000003,0.0,1.0,0.0,0.0,0.0,1.0,0.0,0.0,0.0,mnist,7,0.1,8,8,128.0
oracle_split,lte,0.991,92.58432085082578,147.55532682171258,0.7555,2.0105,0.008737605583333335,0.0,1.0,0.0,0.0,8.333333333333333e-05,0.9999166666666667,0.0,0.0,0.0,mnist,7,0.1,8,8,128.0
coda_split_controller,lte,0.991,92.5844456151412,147.55532682171258,0.7555,2.0,0.008733000000000003,0.0,1.0,0.0,0.0,0.0,1.0,0.0,0.0,0.0,mnist,7,0.1,8,8,128.0
coda_controller,lte,0.99725,60.772600000000004,60.7726,0.0,0.0,0.030386000000000007,0.0,0.0,1.0,0.0,0.0,0.0,0.0,0.0,1.0,mnist,7,0.1,8,8,128.0
cloud_only,congested,0.99725,420.4893929141193,837.9887082768712,0.9998333333333334,128.0,0.06400000000000002,0.0,1.0,0.0,0.0,1.0,0.0,0.0,0.0,0.0,mnist,7,0.1,8,8,128.0
deadline_greedy,congested,0.991,153.11648220026055,290.4588867059438,0.9534166666666667,2.0,0.008733000000000003,0.0,1.0,0.0,0.0,0.0,1.0,0.0,0.0,0.0,mnist,7,0.1,8,8,128.0
oracle_split,congested,0.991,153.11434953278408,290.4588867059438,0.9534166666666667,1.99875,0.008741817500000004,0.0,1.0,0.0,0.0,0.0,0.9991666666666666,0.0008333333333333334,0.0,0.0,mnist,7,0.1,8,8,128.0
coda_split_controller,congested,0.991,153.11648220026055,290.4588867059438,0.9534166666666667,2.0,0.008733000000000003,0.0,1.0,0.0,0.0,0.0,1.0,0.0,0.0,0.0,mnist,7,0.1,8,8,128.0
coda_controller,congested,0.99725,60.772600000000004,60.7726,0.0,0.0,0.030386000000000007,0.0,0.0,1.0,0.0,0.0,0.0,0.0,0.0,1.0,mnist,7,0.1,8,8,128.0
cloud_only,mixed,0.99725,358.64322260880704,1052.9855801226868,0.9788333333333333,128.0,0.06400000000000002,0.0,1.0,0.0,0.0,1.0,0.0,0.0,0.0,0.0,mnist,7,0.1,8,8,128.0
deadline_greedy,mixed,0.991,195.25423838788524,521.3800966025456,0.8691666666666666,2.0,0.008733000000000003,0.0,1.0,0.0,0.0,0.0,1.0,0.0,0.0,0.0,mnist,7,0.1,8,8,128.0
oracle_split,mixed,0.991,195.15068595052458,521.3800966025456,0.868,5.050875,0.010105849500000003,0.0,1.0,0.0,0.0,0.02425,0.9726666666666667,0.0030833333333333333,0.0,0.0,mnist,7,0.1,8,8,128.0
coda_split_controller,mixed,0.991,195.25423838788524,521.3800966025456,0.8691666666666666,2.0,0.008733000000000003,0.0,1.0,0.0,0.0,0.0,1.0,0.0,0.0,0.0,mnist,7,0.1,8,8,128.0
coda_controller,mixed,0.99725,60.772600000000004,60.7726,0.0,0.0,0.030386000000000007,0.0,0.0,1.0,0.0,0.0,0.0,0.0,0.0,1.0,mnist,7,0.1,8,8,128.0
cloud_only,wifi,0.9966666666666667,69.19181124024287,110.49611974644297,0.39716666666666667,128.0,0.06400000000000002,0.0,1.0,0.0,0.0,1.0,0.0,0.0,0.0,0.0,mnist,13,0.1,8,8,128.0
deadline_greedy,wifi,0.9925,56.734870945460756,95.60741717796954,0.19441666666666665,2.0,0.008733000000000003,0.0,1.0,0.0,0.0,0.0,1.0,0.0,0.0,0.0,mnist,13,0.1,8,8,128.0
oracle_split,wifi,0.9929166666666667,56.678408599960385,95.56471688307124,0.19383333333333333,6.5255,0.010718006416666669,0.0,1.0,0.0,0.0,0.035916666666666666,0.9640833333333333,0.0,0.0,0.0,mnist,13,0.1,8,8,128.0
coda_split_controller,wifi,0.9925,56.734870945460756,95.60741717796954,0.19441666666666665,2.0,0.008733000000000003,0.0,1.0,0.0,0.0,0.0,1.0,0.0,0.0,0.0,mnist,13,0.1,8,8,128.0
coda_controller,wifi,0.9968333333333333,60.6999312746031,60.7726,0.0015833333333333333,0.019833333333333335,0.03017127441666667,0.0,0.009916666666666667,0.9900833333333333,0.0,0.0,0.009916666666666667,0.0,0.0,0.9900833333333333,mnist,13,0.1,8,8,128.0
cloud_only,lte,0.9966666666666667,172.24653890921144,283.94280663426906,0.9971666666666666,128.0,0.06400000000000002,0.0,1.0,0.0,0.0,1.0,0.0,0.0,0.0,0.0,mnist,13,0.1,8,8,128.0
deadline_greedy,lte,0.9925,93.20115577526158,150.85880201030056,0.7568333333333334,2.0,0.008733000000000003,0.0,1.0,0.0,0.0,0.0,1.0,0.0,0.0,0.0,mnist,13,0.1,8,8,128.0
oracle_split,lte,0.9925,93.2010747531261,150.85880201030056,0.7568333333333334,2.0105,0.008737605583333335,0.0,1.0,0.0,0.0,8.333333333333333e-05,0.9999166666666667,0.0,0.0,0.0,mnist,13,0.1,8,8,128.0
coda_split_controller,lte,0.9925,93.20115577526158,150.85880201030056,0.7568333333333334,2.0,0.008733000000000003,0.0,1.0,0.0,0.0,0.0,1.0,0.0,0.0,0.0,mnist,13,0.1,8,8,128.0
coda_controller,lte,0.9966666666666667,60.772600000000004,60.7726,0.0,0.0,0.030386000000000007,0.0,0.0,1.0,0.0,0.0,0.0,0.0,0.0,1.0,mnist,13,0.1,8,8,128.0
cloud_only,congested,0.9966666666666667,422.4925821670053,856.5725536185131,0.9998333333333334,128.0,0.06400000000000002,0.0,1.0,0.0,0.0,1.0,0.0,0.0,0.0,0.0,mnist,13,0.1,8,8,128.0
deadline_greedy,congested,0.9925,153.0178249889738,290.65089880497675,0.9501666666666667,2.0,0.008733000000000003,0.0,1.0,0.0,0.0,0.0,1.0,0.0,0.0,0.0,mnist,13,0.1,8,8,128.0
oracle_split,congested,0.9925,153.01298407551607,290.65089880497675,0.9501666666666667,1.99875,0.008741817500000004,0.0,1.0,0.0,0.0,0.0,0.9991666666666666,0.0008333333333333334,0.0,0.0,mnist,13,0.1,8,8,128.0
coda_split_controller,congested,0.9925,153.0178249889738,290.65089880497675,0.9501666666666667,2.0,0.008733000000000003,0.0,1.0,0.0,0.0,0.0,1.0,0.0,0.0,0.0,mnist,13,0.1,8,8,128.0
coda_controller,congested,0.9966666666666667,60.772600000000004,60.7726,0.0,0.0,0.030386000000000007,0.0,0.0,1.0,0.0,0.0,0.0,0.0,0.0,1.0,mnist,13,0.1,8,8,128.0
cloud_only,mixed,0.9966666666666667,363.45201023137406,1067.7868765173985,0.9795833333333334,128.0,0.06400000000000002,0.0,1.0,0.0,0.0,1.0,0.0,0.0,0.0,0.0,mnist,13,0.1,8,8,128.0
deadline_greedy,mixed,0.9925,198.1023122647606,531.0521453896904,0.876,2.0,0.008733000000000003,0.0,1.0,0.0,0.0,0.0,1.0,0.0,0.0,0.0,mnist,13,0.1,8,8,128.0
oracle_split,mixed,0.9925,198.00775022294312,531.0521453896904,0.8754166666666666,4.505375,0.00986283216666667,0.0,1.0,0.0,0.0,0.019916666666666666,0.9773333333333334,0.00275,0.0,0.0,mnist,13,0.1,8,8,128.0
coda_split_controller,mixed,0.9925,198.1023122647606,531.0521453896904,0.876,2.0,0.008733000000000003,0.0,1.0,0.0,0.0,0.0,1.0,0.0,0.0,0.0,mnist,13,0.1,8,8,128.0
coda_controller,mixed,0.9966666666666667,60.772600000000004,60.7726,0.0,0.0,0.030386000000000007,0.0,0.0,1.0,0.0,0.0,0.0,0.0,0.0,1.0,mnist,13,0.1,8,8,128.0
cloud_only,wifi,0.99625,68.87459144029587,109.15910071729962,0.3973333333333333,128.0,0.06400000000000002,0.0,1.0,0.0,0.0,1.0,0.0,0.0,0.0,0.0,mnist,29,0.1,8,8,128.0
deadline_greedy,wifi,0.9898333333333333,56.47730773603307,94.11994539694112,0.19283333333333333,2.0,0.008733000000000003,0.0,1.0,0.0,0.0,0.0,1.0,0.0,0.0,0.0,mnist,29,0.1,8,8,128.0
oracle_split,wifi,0.9898333333333333,56.415660454650684,94.09395313397714,0.19233333333333333,6.326,0.010630500333333334,0.0,1.0,0.0,0.0,0.034333333333333334,0.9656666666666667,0.0,0.0,0.0,mnist,29,0.1,8,8,128.0
coda_split_controller,wifi,0.9898333333333333,56.47730773603307,94.11994539694112,0.19283333333333333,2.0,0.008733000000000003,0.0,1.0,0.0,0.0,0.0,1.0,0.0,0.0,0.0,mnist,29,0.1,8,8,128.0
coda_controller,wifi,0.99625,60.763546965022044,60.7726,0.0006666666666666666,0.005833333333333334,0.03032284541666667,0.0,0.002916666666666667,0.9970833333333333,0.0,0.0,0.002916666666666667,0.0,0.0,0.9970833333333333,mnist,29,0.1,8,8,128.0
cloud_only,lte,0.99625,172.0101496074075,281.48988597382044,0.9980833333333333,128.0,0.06400000000000002,0.0,1.0,0.0,0.0,1.0,0.0,0.0,0.0,0.0,mnist,29,0.1,8,8,128.0
deadline_greedy,lte,0.9898333333333333,92.81769220492838,147.6416197260336,0.76175,2.0,0.008733000000000003,0.0,1.0,0.0,0.0,0.0,1.0,0.0,0.0,0.0,mnist,29,0.1,8,8,128.0
oracle_split,lte,0.9898333333333333,92.81769220492838,147.6416197260336,0.76175,2.0,0.008733000000000003,0.0,1.0,0.0,0.0,0.0,1.0,0.0,0.0,0.0,mnist,29,0.1,8,8,128.0
coda_split_controller,lte,0.9898333333333333,92.81769220492838,147.6416197260336,0.76175,2.0,0.008733000000000003,0.0,1.0,0.0,0.0,0.0,1.0,0.0,0.0,0.0,mnist,29,0.1,8,8,128.0
coda_controller,lte,0.99625,60.772600000000004,60.7726,0.0,0.0,0.030386000000000007,0.0,0.0,1.0,0.0,0.0,0.0,0.0,0.0,1.0,mnist,29,0.1,8,8,128.0
cloud_only,congested,0.99625,417.1920993146191,839.2802102592602,0.9999166666666667,128.0,0.06400000000000002,0.0,1.0,0.0,0.0,1.0,0.0,0.0,0.0,0.0,mnist,29,0.1,8,8,128.0
deadline_greedy,congested,0.9898333333333333,151.8929728903197,290.8721999798572,0.9516666666666667,2.0,0.008733000000000003,0.0,1.0,0.0,0.0,0.0,1.0,0.0,0.0,0.0,mnist,29,0.1,8,8,128.0
oracle_split,congested,0.9898333333333333,151.8918455485901,290.8108985534181,0.9516666666666667,2.01025,0.008739369083333337,0.0,1.0,0.0,0.0,8.333333333333333e-05,0.99975,0.00016666666666666666,0.0,0.0,mnist,29,0.1,8,8,128.0
coda_split_controller,congested,0.9898333333333333,151.8929728903197,290.8721999798572,0.9516666666666667,2.0,0.008733000000000003,0.0,1.0,0.0,0.0,0.0,1.0,0.0,0.0,0.0,mnist,29,0.1,8,8,128.0
coda_controller,congested,0.99625,60.772600000000004,60.7726,0.0,0.0,0.030386000000000007,0.0,0.0,1.0,0.0,0.0,0.0,0.0,0.0,1.0,mnist,29,0.1,8,8,128.0
cloud_only,mixed,0.99625,340.907951503407,990.5804385888713,0.9793333333333333,128.0,0.06400000000000002,0.0,1.0,0.0,0.0,1.0,0.0,0.0,0.0,0.0,mnist,29,0.1,8,8,128.0
deadline_greedy,mixed,0.9898333333333333,187.67173091714514,498.85285590730314,0.87325,2.0,0.008733000000000003,0.0,1.0,0.0,0.0,0.0,1.0,0.0,0.0,0.0,mnist,29,0.1,8,8,128.0
oracle_split,mixed,0.9899166666666667,187.56831986806492,498.85285590730314,0.8725833333333334,4.894,0.010032357000000002,0.0,1.0,0.0,0.0,0.023,0.9743333333333334,0.0026666666666666666,0.0,0.0,mnist,29,0.1,8,8,128.0
coda_split_controller,mixed,0.9898333333333333,187.67173091714514,498.85285590730314,0.87325,2.0,0.008733000000000003,0.0,1.0,0.0,0.0,0.0,1.0,0.0,0.0,0.0,mnist,29,0.1,8,8,128.0
coda_controller,mixed,0.99625,60.772600000000004,60.7726,0.0,0.0,0.030386000000000007,0.0,0.0,1.0,0.0,0.0,0.0,0.0,0.0,1.0,mnist,29,0.1,8,8,128.0
cloud_only,wifi,0.9964166666666666,68.91603149236032,109.96722818726882,0.39066666666666666,128.0,0.06400000000000002,0.0,1.0,0.0,0.0,1.0,0.0,0.0,0.0,0.0,mnist,42,0.1,8,8,128.0
deadline_greedy,wifi,0.9930833333333333,56.67589426406452,95.69920559049316,0.19191666666666668,2.0,0.008733000000000003,0.0,1.0,0.0,0.0,0.0,1.0,0.0,0.0,0.0,mnist,42,0.1,8,8,128.0
oracle_split,wifi,0.99325,56.61575205144979,95.60902523170871,0.19108333333333333,6.4205,0.010671950583333336,0.0,1.0,0.0,0.0,0.035083333333333334,0.9649166666666666,0.0,0.0,0.0,mnist,42,0.1,8,8,128.0
coda_split_controller,wifi,0.9930833333333333,56.67589426406452,95.69920559049316,0.19191666666666668,2.0,0.008733000000000003,0.0,1.0,0.0,0.0,0.0,1.0,0.0,0.0,0.0,mnist,42,0.1,8,8,128.0
coda_controller,wifi,0.9963333333333333,60.75324080901077,60.7726,0.0009166666666666666,0.008666666666666666,0.03029217033333334,0.0,0.004333333333333333,0.9956666666666667,0.0,0.0,0.004333333333333333,0.0,0.0,0.9956666666666667,mnist,42,0.1,8,8,128.0
cloud_only,lte,0.9964166666666666,171.14343858510907,277.120145040027,0.9965833333333334,128.0,0.06400000000000002,0.0,1.0,0.0,0.0,1.0,0.0,0.0,0.0,0.0,mnist,42,0.1,8,8,128.0
deadline_greedy,lte,0.9930833333333333,92.94576637949923,150.6651628439885,0.7579166666666667,2.0,0.008733000000000003,0.0,1.0,0.0,0.0,0.0,1.0,0.0,0.0,0.0,mnist,42,0.1,8,8,128.0
oracle_split,lte,0.9930833333333333,92.94502946313517,150.6651628439885,0.7579166666666667,2.0315,0.008746816750000002,0.0,1.0,0.0,0.0,0.00025,0.99975,0.0,0.0,0.0,mnist,42,0.1,8,8,128.0
coda_split_controller,lte,0.9930833333333333,92.94576637949923,150.6651628439885,0.7579166666666667,2.0,0.008733000000000003,0.0,1.0,0.0,0.0,0.0,1.0,0.0,0.0,0.0,mnist,42,0.1,8,8,128.0
coda_controller,lte,0.9964166666666666,60.772600000000004,60.7726,0.0,0.0,0.030386000000000007,0.0,0.0,1.0,0.0,0.0,0.0,0.0,0.0,1.0,mnist,42,0.1,8,8,128.0
cloud_only,congested,0.9964166666666666,420.6767023121643,847.3144193520458,0.9999166666666667,128.0,0.06400000000000002,0.0,1.0,0.0,0.0,1.0,0.0,0.0,0.0,0.0,mnist,42,0.1,8,8,128.0
deadline_greedy,congested,0.9930833333333333,153.59995933729942,295.41545936448404,0.95375,2.0,0.008733000000000003,0.0,1.0,0.0,0.0,0.0,1.0,0.0,0.0,0.0,mnist,42,0.1,8,8,128.0
oracle_split,congested,0.9930833333333333,153.59700648574307,295.41545936448404,0.95375,1.999375,0.008737408750000003,0.0,1.0,0.0,0.0,0.0,0.9995833333333334,0.0004166666666666667,0.0,0.0,mnist,42,0.1,8,8,128.0
coda_split_controller,congested,0.9930833333333333,153.59995933729942,295.41545936448404,0.95375,2.0,0.008733000000000003,0.0,1.0,0.0,0.0,0.0,1.0,0.0,0.0,0.0,mnist,42,0.1,8,8,128.0
coda_controller,congested,0.9964166666666666,60.772600000000004,60.7726,0.0,0.0,0.030386000000000007,0.0,0.0,1.0,0.0,0.0,0.0,0.0,0.0,1.0,mnist,42,0.1,8,8,128.0
cloud_only,mixed,0.9964166666666666,388.46984862685326,1117.456082169272,0.9809166666666667,128.0,0.06400000000000002,0.0,1.0,0.0,0.0,1.0,0.0,0.0,0.0,0.0,mnist,42,0.1,8,8,128.0
deadline_greedy,mixed,0.9930833333333333,210.74363172455136,575.1777776357076,0.8873333333333333,2.0,0.008733000000000003,0.0,1.0,0.0,0.0,0.0,1.0,0.0,0.0,0.0,mnist,42,0.1,8,8,128.0
oracle_split,mixed,0.99325,210.6448007494108,575.1777776357076,0.8863333333333333,4.6,0.00990340066666667,0.0,1.0,0.0,0.0,0.020666666666666667,0.9766666666666667,0.0026666666666666666,0.0,0.0,mnist,42,0.1,8,8,128.0
coda_split_controller,mixed,0.9930833333333333,210.74363172455136,575.1777776357076,0.8873333333333333,2.0,0.008733000000000003,0.0,1.0,0.0,0.0,0.0,1.0,0.0,0.0,0.0,mnist,42,0.1,8,8,128.0
coda_controller,mixed,0.9964166666666666,60.772600000000004,60.7726,0.0,0.0,0.030386000000000007,0.0,0.0,1.0,0.0,0.0,0.0,0.0,0.0,1.0,mnist,42,0.1,8,8,128.0
cloud_only,wifi,0.9961666666666666,68.93200555934085,109.49484919871315,0.3948333333333333,128.0,0.06400000000000002,0.0,1.0,0.0,0.0,1.0,0.0,0.0,0.0,0.0,mnist,101,0.1,8,8,128.0
deadline_greedy,wifi,0.9901666666666666,56.623841274614215,94.77177653423334,0.19375,2.0,0.008733000000000003,0.0,1.0,0.0,0.0,0.0,1.0,0.0,0.0,0.0,mnist,101,0.1,8,8,128.0
oracle_split,wifi,0.99025,56.565231017571875,94.72705518468099,0.19291666666666665,6.431,0.010676556166666669,0.0,1.0,0.0,0.0,0.035166666666666666,0.9648333333333333,0.0,0.0,0.0,mnist,101,0.1,8,8,128.0
coda_split_controller,wifi,0.9901666666666666,56.623841274614215,94.77177653423334,0.19375,2.0,0.008733000000000003,0.0,1.0,0.0,0.0,0.0,1.0,0.0,0.0,0.0,mnist,101,0.1,8,8,128.0
coda_controller,wifi,0.9961666666666666,60.73029252645418,60.7726,0.0011666666666666668,0.011833333333333333,0.03025788641666667,0.0,0.005916666666666666,0.9940833333333333,0.0,0.0,0.005916666666666666,0.0,0.0,0.9940833333333333,mnist,101,0.1,8,8,128.0
cloud_only,lte,0.9961666666666666,171.0491298226759,280.42487853920943,0.997,128.0,0.06400000000000002,0.0,1.0,0.0,0.0,1.0,0.0,0.0,0.0,0.0,mnist,101,0.1,8,8,128.0
deadline_greedy,lte,0.9901666666666666,93.23390347675851,149.65500456430155,0.7631666666666667,2.0,0.008733000000000003,0.0,1.0,0.0,0.0,0.0,1.0,0.0,0.0,0.0,mnist,101,0.1,8,8,128.0
oracle_split,lte,0.9901666666666666,93.23340750833259,149.65500456430155,0.7631666666666667,2.0105,0.008737605583333335,0.0,1.0,0.0,0.0,8.333333333333333e-05,0.9999166666666667,0.0,0.0,0.0,mnist,101,0.1,8,8,128.0
coda_split_controller,lte,0.9901666666666666,93.23390347675851,149.65500456430155,0.7631666666666667,2.0,0.008733000000000003,0.0,1.0,0.0,0.0,0.0,1.0,0.0,0.0,0.0,mnist,101,0.1,8,8,128.0
coda_controller,lte,0.9961666666666666,60.772600000000004,60.7726,0.0,0.0,0.030386000000000007,0.0,0.0,1.0,0.0,0.0,0.0,0.0,0.0,1.0,mnist,101,0.1,8,8,128.0
cloud_only,congested,0.9961666666666666,421.62764333349014,855.4409152527272,0.9999166666666667,128.0,0.06400000000000002,0.0,1.0,0.0,0.0,1.0,0.0,0.0,0.0,0.0,mnist,101,0.1,8,8,128.0
deadline_greedy,congested,0.9901666666666666,153.3660187292275,290.10878710061365,0.9501666666666667,2.0,0.008733000000000003,0.0,1.0,0.0,0.0,0.0,1.0,0.0,0.0,0.0,mnist,101,0.1,8,8,128.0
oracle_split,congested,0.9901666666666666,153.36447270769472,290.10878710061365,0.9501666666666667,1.9995,0.008736527000000003,0.0,1.0,0.0,0.0,0.0,0.9996666666666667,0.0003333333333333333,0.0,0.0,mnist,101,0.1,8,8,128.0
coda_split_controller,congested,0.9901666666666666,153.3660187292275,290.10878710061365,0.9501666666666667,2.0,0.008733000000000003,0.0,1.0,0.0,0.0,0.0,1.0,0.0,0.0,0.0,mnist,101,0.1,8,8,128.0
coda_controller,congested,0.9961666666666666,60.772600000000004,60.7726,0.0,0.0,0.030386000000000007,0.0,0.0,1.0,0.0,0.0,0.0,0.0,0.0,1.0,mnist,101,0.1,8,8,128.0
cloud_only,mixed,0.9961666666666666,353.57838526820257,1013.2575426731831,0.979,128.0,0.06400000000000002,0.0,1.0,0.0,0.0,1.0,0.0,0.0,0.0,0.0,mnist,101,0.1,8,8,128.0
deadline_greedy,mixed,0.9901666666666666,194.01176846299143,515.8197679173742,0.8756666666666667,2.0,0.008733000000000003,0.0,1.0,0.0,0.0,0.0,1.0,0.0,0.0,0.0,mnist,101,0.1,8,8,128.0
oracle_split,mixed,0.99,193.91385604730644,515.8197679173742,0.8745833333333334,4.59975,0.00990516416666667,0.0,1.0,0.0,0.0,0.020666666666666667,0.9765,0.0028333333333333335,0.0,0.0,mnist,101,0.1,8,8,128.0
coda_split_controller,mixed,0.9901666666666666,194.01176846299143,515.8197679173742,0.8756666666666667,2.0,0.008733000000000003,0.0,1.0,0.0,0.0,0.0,1.0,0.0,0.0,0.0,mnist,101,0.1,8,8,128.0
coda_controller,mixed,0.9961666666666666,60.772600000000004,60.7726,0.0,0.0,0.030386000000000007,0.0,0.0,1.0,0.0,0.0,0.0,0.0,0.0,1.0,mnist,101,0.1,8,8,128.0
cloud_only,wifi,0.9403333333333334,69.07270022461073,109.97619743719737,0.3115833333333333,128.0,0.06400000000000002,0.0,1.0,0.0,0.0,1.0,0.0,0.0,0.0,0.0,fashion_mnist,7,0.1,8,8,128.0
deadline_greedy,wifi,0.9280833333333334,56.690334630173226,94.89567062950645,0.14466666666666667,2.0,0.008733000000000003,0.0,1.0,0.0,0.0,0.0,1.0,0.0,0.0,0.0,fashion_mnist,7,0.1,8,8,128.0
oracle_split,wifi,0.9285,56.6337595580204,94.89497871414584,0.14425,6.2735,0.01060747241666667,0.0,1.0,0.0,0.0,0.033916666666666664,0.9660833333333333,0.0,0.0,0.0,fashion_mnist,7,0.1,8,8,128.0
coda_split_controller,wifi,0.9280833333333334,56.690334630173226,94.89567062950645,0.14466666666666667,2.0,0.008733000000000003,0.0,1.0,0.0,0.0,0.0,1.0,0.0,0.0,0.0,fashion_mnist,7,0.1,8,8,128.0
coda_controller,wifi,0.9403333333333334,60.773585907161156,60.7726,0.00025,0.0026666666666666666,0.030357129333333337,0.0,0.0013333333333333333,0.9986666666666667,0.0,0.0,0.0013333333333333333,0.0,0.0,0.9986666666666667,fashion_mnist,7,0.1,8,8,128.0
cloud_only,lte,0.9403333333333334,170.67228337444666,278.55424799725586,0.9954166666666666,128.0,0.06400000000000002,0.0,1.0,0.0,0.0,1.0,0.0,0.0,0.0,0.0,fashion_mnist,7,0.1,8,8,128.0
deadline_greedy,lte,0.9280833333333334,93.19440367628013,150.81821734506866,0.6735833333333333,2.0,0.008733000000000003,0.0,1.0,0.0,0.0,0.0,1.0,0.0,0.0,0.0,fashion_mnist,7,0.1,8,8,128.0
oracle_split,lte,0.9280833333333334,93.19432889244872,150.81821734506866,0.6735833333333333,2.021,0.00874221116666667,0.0,1.0,0.0,0.0,0.00016666666666666666,0.9998333333333334,0.0,0.0,0.0,fashion_mnist,7,0.1,8,8,128.0
coda_split_controller,lte,0.9280833333333334,93.19440367628013,150.81821734506866,0.6735833333333333,2.0,0.008733000000000003,0.0,1.0,0.0,0.0,0.0,1.0,0.0,0.0,0.0,fashion_mnist,7,0.1,8,8,128.0
coda_controller,lte,0.9403333333333334,60.772600000000004,60.7726,0.0,0.0,0.030386000000000007,0.0,0.0,1.0,0.0,0.0,0.0,0.0,0.0,1.0,fashion_mnist,7,0.1,8,8,128.0
cloud_only,congested,0.9403333333333334,425.02667024271824,861.1658766064485,0.9999166666666667,128.0,0.06400000000000002,0.0,1.0,0.0,0.0,1.0,0.0,0.0,0.0,0.0,fashion_mnist,7,0.1,8,8,128.0
deadline_greedy,congested,0.9280833333333334,153.49486326742087,295.1642721529632,0.9281666666666667,2.0,0.008733000000000003,0.0,1.0,0.0,0.0,0.0,1.0,0.0,0.0,0.0,fashion_mnist,7,0.1,8,8,128.0
oracle_split,congested,0.9280833333333334,153.49215786428448,295.1642721529632,0.9281666666666667,1.998875,0.008740935750000003,0.0,1.0,0.0,0.0,0.0,0.99925,0.00075,0.0,0.0,fashion_mnist,7,0.1,8,8,128.0
coda_split_controller,congested,0.9280833333333334,153.49486326742087,295.1642721529632,0.9281666666666667,2.0,0.008733000000000003,0.0,1.0,0.0,0.0,0.0,1.0,0.0,0.0,0.0,fashion_mnist,7,0.1,8,8,128.0
coda_controller,congested,0.9403333333333334,60.772600000000004,60.7726,0.0,0.0,0.030386000000000007,0.0,0.0,1.0,0.0,0.0,0.0,0.0,0.0,1.0,fashion_mnist,7,0.1,8,8,128.0
cloud_only,mixed,0.9403333333333334,375.79405303201713,1129.1710996268607,0.969,128.0,0.06400000000000002,0.0,1.0,0.0,0.0,1.0,0.0,0.0,0.0,0.0,fashion_mnist,7,0.1,8,8,128.0
deadline_greedy,mixed,0.9280833333333334,203.07740142262625,558.1723041017165,0.8466666666666667,2.0,0.008733000000000003,0.0,1.0,0.0,0.0,0.0,1.0,0.0,0.0,0.0,fashion_mnist,7,0.1,8,8,128.0
oracle_split,mixed,0.9285833333333333,202.9781062015035,558.1723041017165,0.8456666666666667,4.641,0.009928877000000003,0.0,1.0,0.0,0.0,0.021,0.9756666666666667,0.0033333333333333335,0.0,0.0,fashion_mnist,7,0.1,8,8,128.0
coda_split_controller,mixed,0.9280833333333334,203.07740142262625,558.1723041017165,0.8466666666666667,2.0,0.008733000000000003,0.0,1.0,0.0,0.0,0.0,1.0,0.0,0.0,0.0,fashion_mnist,7,0.1,8,8,128.0
coda_controller,mixed,0.9403333333333334,60.772600000000004,60.7726,0.0,0.0,0.030386000000000007,0.0,0.0,1.0,0.0,0.0,0.0,0.0,0.0,1.0,fashion_mnist,7,0.1,8,8,128.0
cloud_only,wifi,0.9415833333333333,69.19614547468147,111.16866022564884,0.31116666666666665,128.0,0.06400000000000002,0.0,1.0,0.0,0.0,1.0,0.0,0.0,0.0,0.0,fashion_mnist,13,0.1,8,8,128.0
deadline_greedy,wifi,0.916,56.88351221530997,96.44525144551217,0.1525,2.0,0.008733000000000003,0.0,1.0,0.0,0.0,0.0,1.0,0.0,0.0,0.0,fashion_mnist,13,0.1,8,8,128.0
oracle_split,wifi,0.91625,56.828455884542656,96.41180455025014,0.152,6.3155,0.010625894750000002,0.0,1.0,0.0,0.0,0.03425,0.96575,0.0,0.0,0.0,fashion_mnist,13,0.1,8,8,128.0
coda_split_controller,wifi,0.916,56.88351221530997,96.44525144551217,0.1525,2.0,0.008733000000000003,0.0,1.0,0.0,0.0,0.0,1.0,0.0,0.0,0.0,fashion_mnist,13,0.1,8,8,128.0
coda_controller,wifi,0.9415833333333333,60.77064112839737,60.7726,0.00025,0.0031666666666666666,0.030351716083333338,0.0,0.0015833333333333333,0.9984166666666666,0.0,0.0,0.0015833333333333333,0.0,0.0,0.9984166666666666,fashion_mnist,13,0.1,8,8,128.0
cloud_only,lte,0.9415833333333333,172.77472880717886,282.1447619616283,0.9951666666666666,128.0,0.06400000000000002,0.0,1.0,0.0,0.0,1.0,0.0,0.0,0.0,0.0,fashion_mnist,13,0.1,8,8,128.0
deadline_greedy,lte,0.916,93.96648445688653,152.3778129841021,0.6834166666666667,2.0,0.008733000000000003,0.0,1.0,0.0,0.0,0.0,1.0,0.0,0.0,0.0,fashion_mnist,13,0.1,8,8,128.0
oracle_split,lte,0.916,93.96607925849986,152.3778129841021,0.6834166666666667,2.0105,0.008737605583333335,0.0,1.0,0.0,0.0,8.333333333333333e-05,0.9999166666666667,0.0,0.0,0.0,fashion_mnist,13,0.1,8,8,128.0
coda_split_controller,lte,0.916,93.96648445688653,152.3778129841021,0.6834166666666667,2.0,0.008733000000000003,0.0,1.0,0.0,0.0,0.0,1.0,0.0,0.0,0.0,fashion_mnist,13,0.1,8,8,128.0
coda_controller,lte,0.9415833333333333,60.772600000000004,60.7726,0.0,0.0,0.030386000000000007,0.0,0.0,1.0,0.0,0.0,0.0,0.0,0.0,1.0,fashion_mnist,13,0.1,8,8,128.0
cloud_only,congested,0.9415833333333333,423.4074936163205,853.0794840306887,0.9999166666666667,128.0,0.06400000000000002,0.0,1.0,0.0,0.0,1.0,0.0,0.0,0.0,0.0,fashion_mnist,13,0.1,8,8,128.0
deadline_greedy,congested,0.916,152.5044304192643,291.92839369763675,0.92875,2.0,0.008733000000000003,0.0,1.0,0.0,0.0,0.0,1.0,0.0,0.0,0.0,fashion_mnist,13,0.1,8,8,128.0
oracle_split,congested,0.916,152.5016974956017,291.92839369763675,0.92875,1.999125,0.008739172250000003,0.0,1.0,0.0,0.0,0.0,0.9994166666666666,0.0005833333333333334,0.0,0.0,fashion_mnist,13,0.1,8,8,128.0
coda_split_controller,congested,0.916,152.5044304192643,291.92839369763675,0.92875,2.0,0.008733000000000003,0.0,1.0,0.0,0.0,0.0,1.0,0.0,0.0,0.0,fashion_mnist,13,0.1,8,8,128.0
coda_controller,congested,0.9415833333333333,60.772600000000004,60.7726,0.0,0.0,0.030386000000000007,0.0,0.0,1.0,0.0,0.0,0.0,0.0,0.0,1.0,fashion_mnist,13,0.1,8,8,128.0
cloud_only,mixed,0.9415833333333333,354.3120565143119,1046.5524156243148,0.9725833333333334,128.0,0.06400000000000002,0.0,1.0,0.0,0.0,1.0,0.0,0.0,0.0,0.0,fashion_mnist,13,0.1,8,8,128.0
deadline_greedy,mixed,0.916,193.62588172074624,529.5753424004807,0.8374166666666667,2.0,0.008733000000000003,0.0,1.0,0.0,0.0,0.0,1.0,0.0,0.0,0.0,fashion_mnist,13,0.1,8,8,128.0
oracle_split,mixed,0.9165833333333333,193.53564296366523,529.5753424004807,0.837,4.546875,0.009884781500000002,0.0,1.0,0.0,0.0,0.02025,0.9766666666666667,0.0030833333333333333,0.0,0.0,fashion_mnist,13,0.1,8,8,128.0
coda_split_controller,mixed,0.916,193.62588172074624,529.5753424004807,0.8374166666666667,2.0,0.008733000000000003,0.0,1.0,0.0,0.0,0.0,1.0,0.0,0.0,0.0,fashion_mnist,13,0.1,8,8,128.0
coda_controller,mixed,0.9415833333333333,60.772600000000004,60.7726,0.0,0.0,0.030386000000000007,0.0,0.0,1.0,0.0,0.0,0.0,0.0,0.0,1.0,fashion_mnist,13,0.1,8,8,128.0
cloud_only,wifi,0.9428333333333333,68.60857673601257,109.5897214826017,0.30133333333333334,128.0,0.06400000000000002,0.0,1.0,0.0,0.0,1.0,0.0,0.0,0.0,0.0,fashion_mnist,29,0.1,8,8,128.0
deadline_greedy,wifi,0.8366666666666667,56.19051975559929,93.6267495500348,0.14391666666666666,2.0,0.008733000000000003,0.0,1.0,0.0,0.0,0.0,1.0,0.0,0.0,0.0,fashion_mnist,29,0.1,8,8,128.0
oracle_split,wifi,0.8396666666666667,56.13194002790926,93.6229568902865,0.14341666666666666,6.3785,0.010653528250000004,0.0,1.0,0.0,0.0,0.03475,0.96525,0.0,0.0,0.0,fashion_mnist,29,0.1,8,8,128.0
coda_split_controller,wifi,0.8366666666666667,56.19051975559929,93.6267495500348,0.14391666666666666,2.0,0.008733000000000003,0.0,1.0,0.0,0.0,0.0,1.0,0.0,0.0,0.0,fashion_mnist,29,0.1,8,8,128.0
coda_controller,wifi,0.9425,60.75500358614799,60.7726,0.00075,0.008666666666666666,0.03029217033333334,0.0,0.004333333333333333,0.9956666666666667,0.0,0.0,0.004333333333333333,0.0,0.0,0.9956666666666667,fashion_mnist,29,0.1,8,8,128.0
cloud_only,lte,0.9428333333333333,171.11566551793084,279.09330667426013,0.9949166666666667,128.0,0.06400000000000002,0.0,1.0,0.0,0.0,1.0,0.0,0.0,0.0,0.0,fashion_mnist,29,0.1,8,8,128.0
deadline_greedy,lte,0.8366666666666667,92.88602428136572,148.49234046071555,0.6728333333333333,2.0,0.008733000000000003,0.0,1.0,0.0,0.0,0.0,1.0,0.0,0.0,0.0,fashion_mnist,29,0.1,8,8,128.0
oracle_split,lte,0.8366666666666667,92.88590083835471,148.49234046071555,0.6728333333333333,2.021,0.00874221116666667,0.0,1.0,0.0,0.0,0.00016666666666666666,0.9998333333333334,0.0,0.0,0.0,fashion_mnist,29,0.1,8,8,128.0
coda_split_controller,lte,0.8366666666666667,92.88602428136572,148.49234046071555,0.6728333333333333,2.0,0.008733000000000003,0.0,1.0,0.0,0.0,0.0,1.0,0.0,0.0,0.0,fashion_mnist,29,0.1,8,8,128.0
coda_controller,lte,0.9428333333333333,60.772600000000004,60.7726,0.0,0.0,0.030386000000000007,0.0,0.0,1.0,0.0,0.0,0.0,0.0,0.0,1.0,fashion_mnist,29,0.1,8,8,128.0
cloud_only,congested,0.9428333333333333,422.1231713733977,857.7590006098909,0.9999166666666667,128.0,0.06400000000000002,0.0,1.0,0.0,0.0,1.0,0.0,0.0,0.0,0.0,fashion_mnist,29,0.1,8,8,128.0
deadline_greedy,congested,0.8366666666666667,152.91345393866735,292.51172485551405,0.92975,2.0,0.008733000000000003,0.0,1.0,0.0,0.0,0.0,1.0,0.0,0.0,0.0,fashion_mnist,29,0.1,8,8,128.0
oracle_split,congested,0.83675,152.91149928716575,292.51172485551405,0.92975,1.9995,0.008736527000000003,0.0,1.0,0.0,0.0,0.0,0.9996666666666667,0.0003333333333333333,0.0,0.0,fashion_mnist,29,0.1,8,8,128.0
coda_split_controller,congested,0.8366666666666667,152.91345393866735,292.51172485551405,0.92975,2.0,0.008733000000000003,0.0,1.0,0.0,0.0,0.0,1.0,0.0,0.0,0.0,fashion_mnist,29,0.1,8,8,128.0
coda_controller,congested,0.9428333333333333,60.772600000000004,60.7726,0.0,0.0,0.030386000000000007,0.0,0.0,1.0,0.0,0.0,0.0,0.0,0.0,1.0,fashion_mnist,29,0.1,8,8,128.0
cloud_only,mixed,0.9428333333333333,355.6395439100552,1046.9744550614464,0.97025,128.0,0.06400000000000002,0.0,1.0,0.0,0.0,1.0,0.0,0.0,0.0,0.0,fashion_mnist,29,0.1,8,8,128.0
deadline_greedy,mixed,0.8366666666666667,192.8763993019183,519.1040739114004,0.8415833333333333,2.0,0.008733000000000003,0.0,1.0,0.0,0.0,0.0,1.0,0.0,0.0,0.0,fashion_mnist,29,0.1,8,8,128.0
oracle_split,mixed,0.8399166666666666,192.75586160621407,519.1040739114004,0.84075,5.1125,0.010143182250000002,0.0,1.0,0.0,0.0,0.02475,0.97125,0.004,0.0,0.0,fashion_mnist,29,0.1,8,8,128.0
coda_split_controller,mixed,0.8366666666666667,192.8763993019183,519.1040739114004,0.8415833333333333,2.0,0.008733000000000003,0.0,1.0,0.0,0.0,0.0,1.0,0.0,0.0,0.0,fashion_mnist,29,0.1,8,8,128.0
coda_controller,mixed,0.9428333333333333,60.772600000000004,60.7726,0.0,0.0,0.030386000000000007,0.0,0.0,1.0,0.0,0.0,0.0,0.0,0.0,1.0,fashion_mnist,29,0.1,8,8,128.0
cloud_only,wifi,0.9414166666666667,68.94675155067145,109.58330551934264,0.3095,128.0,0.06400000000000002,0.0,1.0,0.0,0.0,1.0,0.0,0.0,0.0,0.0,fashion_mnist,42,0.1,8,8,128.0
deadline_greedy,wifi,0.9228333333333333,56.59574962010396,94.89427508855383,0.14558333333333334,2.0,0.008733000000000003,0.0,1.0,0.0,0.0,0.0,1.0,0.0,0.0,0.0,fashion_mnist,42,0.1,8,8,128.0
oracle_split,wifi,0.9239166666666667,56.54507089055785,94.88818816754649,0.1455,6.284,0.010612078000000002,0.0,1.0,0.0,0.0,0.034,0.966,0.0,0.0,0.0,fashion_mnist,42,0.1,8,8,128.0
coda_split_controller,wifi,0.9228333333333333,56.59574962010396,94.89427508855383,0.14558333333333334,2.0,0.008733000000000003,0.0,1.0,0.0,0.0,0.0,1.0,0.0,0.0,0.0,fashion_mnist,42,0.1,8,8,128.0
coda_controller,wifi,0.9414166666666667,60.76840115034436,60.7726,0.0003333333333333333,0.0033333333333333335,0.03034991166666667,0.0,0.0016666666666666668,0.9983333333333333,0.0,0.0,0.0016666666666666668,0.0,0.0,0.9983333333333333,fashion_mnist,42,0.1,8,8,128.0
cloud_only,lte,0.9414166666666667,171.21945741376553,281.3894350142657,0.9943333333333333,128.0,0.06400000000000002,0.0,1.0,0.0,0.0,1.0,0.0,0.0,0.0,0.0,fashion_mnist,42,0.1,8,8,128.0
deadline_greedy,lte,0.9228333333333333,92.85744314757746,151.39150134851408,0.676,2.0,0.008733000000000003,0.0,1.0,0.0,0.0,0.0,1.0,0.0,0.0,0.0,fashion_mnist,42,0.1,8,8,128.0
oracle_split,lte,0.9229166666666667,92.85684182267168,151.39150134851408,0.676,2.0315,0.008746816750000002,0.0,1.0,0.0,0.0,0.00025,0.99975,0.0,0.0,0.0,fashion_mnist,42,0.1,8,8,128.0
coda_split_controller,lte,0.9228333333333333,92.85744314757746,151.39150134851408,0.676,2.0,0.008733000000000003,0.0,1.0,0.0,0.0,0.0,1.0,0.0,0.0,0.0,fashion_mnist,42,0.1,8,8,128.0
coda_controller,lte,0.9414166666666667,60.772600000000004,60.7726,0.0,0.0,0.030386000000000007,0.0,0.0,1.0,0.0,0.0,0.0,0.0,0.0,1.0,fashion_mnist,42,0.1,8,8,128.0
cloud_only,congested,0.9414166666666667,425.58927290171033,865.1007580128246,0.9998333333333334,128.0,0.06400000000000002,0.0,1.0,0.0,0.0,1.0,0.0,0.0,0.0,0.0,fashion_mnist,42,0.1,8,8,128.0
deadline_greedy,congested,0.9228333333333333,153.32199358034188,292.3592060428081,0.9256666666666666,2.0,0.008733000000000003,0.0,1.0,0.0,0.0,0.0,1.0,0.0,0.0,0.0,fashion_mnist,42,0.1,8,8,128.0
oracle_split,congested,0.92275,153.31948210922025,292.3592060428081,0.9256666666666666,1.999,0.008740054000000002,0.0,1.0,0.0,0.0,0.0,0.9993333333333333,0.0006666666666666666,0.0,0.0,fashion_mnist,42,0.1,8,8,128.0
coda_split_controller,congested,0.9228333333333333,153.32199358034188,292.3592060428081,0.9256666666666666,2.0,0.008733000000000003,0.0,1.0,0.0,0.0,0.0,1.0,0.0,0.0,0.0,fashion_mnist,42,0.1,8,8,128.0
coda_controller,congested,0.9414166666666667,60.772600000000004,60.7726,0.0,0.0,0.030386000000000007,0.0,0.0,1.0,0.0,0.0,0.0,0.0,0.0,1.0,fashion_mnist,42,0.1,8,8,128.0
cloud_only,mixed,0.9414166666666667,358.06267148833024,1017.8513378076414,0.971,128.0,0.06400000000000002,0.0,1.0,0.0,0.0,1.0,0.0,0.0,0.0,0.0,fashion_mnist,42,0.1,8,8,128.0
deadline_greedy,mixed,0.9228333333333333,194.9592922116967,519.5600378923622,0.8466666666666667,2.0,0.008733000000000003,0.0,1.0,0.0,0.0,0.0,1.0,0.0,0.0,0.0,fashion_mnist,42,0.1,8,8,128.0
oracle_split,mixed,0.9228333333333333,194.8570656687843,519.0562088011619,0.8456666666666667,4.74625,0.009973169333333335,0.0,1.0,0.0,0.0,0.021833333333333333,0.975,0.0031666666666666666,0.0,0.0,fashion_mnist,42,0.1,8,8,128.0
coda_split_controller,mixed,0.9228333333333333,194.9592922116967,519.5600378923622,0.8466666666666667,2.0,0.008733000000000003,0.0,1.0,0.0,0.0,0.0,1.0,0.0,0.0,0.0,fashion_mnist,42,0.1,8,8,128.0
coda_controller,mixed,0.9414166666666667,60.772600000000004,60.7726,0.0,0.0,0.030386000000000007,0.0,0.0,1.0,0.0,0.0,0.0,0.0,0.0,1.0,fashion_mnist,42,0.1,8,8,128.0
cloud_only,wifi,0.9420833333333334,69.50924274165827,110.61500170980119,0.3209166666666667,128.0,0.06400000000000002,0.0,1.0,0.0,0.0,1.0,0.0,0.0,0.0,0.0,fashion_mnist,101,0.1,8,8,128.0
deadline_greedy,wifi,0.9184166666666667,56.99648940093441,95.74931146919522,0.15275,2.0,0.008733000000000003,0.0,1.0,0.0,0.0,0.0,1.0,0.0,0.0,0.0,fashion_mnist,101,0.1,8,8,128.0
oracle_split,wifi,0.9195833333333333,56.94029468747339,95.67297212548117,0.15208333333333332,6.2105,0.010579838916666669,0.0,1.0,0.0,0.0,0.033416666666666664,0.9665833333333333,0.0,0.0,0.0,fashion_mnist,101,0.1,8,8,128.0
coda_split_controller,wifi,0.9184166666666667,56.99648940093441,95.74931146919522,0.15275,2.0,0.008733000000000003,0.0,1.0,0.0,0.0,0.0,1.0,0.0,0.0,0.0,fashion_mnist,101,0.1,8,8,128.0
coda_controller,wifi,0.9421666666666667,60.769436884786884,60.7726,0.00025,0.0026666666666666666,0.030357129333333337,0.0,0.0013333333333333333,0.9986666666666667,0.0,0.0,0.0013333333333333333,0.0,0.0,0.9986666666666667,fashion_mnist,101,0.1,8,8,128.0
cloud_only,lte,0.9420833333333334,172.3127223873856,283.31761248041107,0.9951666666666666,128.0,0.06400000000000002,0.0,1.0,0.0,0.0,1.0,0.0,0.0,0.0,0.0,fashion_mnist,101,0.1,8,8,128.0
deadline_greedy,lte,0.9184166666666667,93.9563844448724,153.33340239156607,0.6793333333333333,2.0,0.008733000000000003,0.0,1.0,0.0,0.0,0.0,1.0,0.0,0.0,0.0,fashion_mnist,101,0.1,8,8,128.0
oracle_split,lte,0.9184166666666667,93.95616721931216,153.33340239156607,0.6793333333333333,2.021,0.008742211166666668,0.0,1.0,0.0,0.0,0.00016666666666666666,0.9998333333333334,0.0,0.0,0.0,fashion_mnist,101,0.1,8,8,128.0
coda_split_controller,lte,0.9184166666666667,93.9563844448724,153.33340239156607,0.6793333333333333,2.0,0.008733000000000003,0.0,1.0,0.0,0.0,0.0,1.0,0.0,0.0,0.0,fashion_mnist,101,0.1,8,8,128.0
coda_controller,lte,0.9420833333333334,60.772600000000004,60.7726,0.0,0.0,0.030386000000000007,0.0,0.0,1.0,0.0,0.0,0.0,0.0,0.0,1.0,fashion_mnist,101,0.1,8,8,128.0
cloud_only,congested,0.9420833333333334,418.51927234344083,844.9340613243292,1.0,128.0,0.06400000000000002,0.0,1.0,0.0,0.0,1.0,0.0,0.0,0.0,0.0,fashion_mnist,101,0.1,8,8,128.0
deadline_greedy,congested,0.9184166666666667,153.41527508664632,297.94216036278505,0.92675,2.0,0.008733000000000003,0.0,1.0,0.0,0.0,0.0,1.0,0.0,0.0,0.0,fashion_mnist,101,0.1,8,8,128.0
oracle_split,congested,0.9183333333333333,153.41374699732924,297.94216036278505,0.92675,1.999,0.008740054000000002,0.0,1.0,0.0,0.0,0.0,0.9993333333333333,0.0006666666666666666,0.0,0.0,fashion_mnist,101,0.1,8,8,128.0
coda_split_controller,congested,0.9184166666666667,153.41527508664632,297.94216036278505,0.92675,2.0,0.008733000000000003,0.0,1.0,0.0,0.0,0.0,1.0,0.0,0.0,0.0,fashion_mnist,101,0.1,8,8,128.0
coda_controller,congested,0.9420833333333334,60.772600000000004,60.7726,0.0,0.0,0.030386000000000007,0.0,0.0,1.0,0.0,0.0,0.0,0.0,0.0,1.0,fashion_mnist,101,0.1,8,8,128.0
cloud_only,mixed,0.9420833333333334,355.16164558195294,1037.5103673005126,0.97125,128.0,0.06400000000000002,0.0,1.0,0.0,0.0,1.0,0.0,0.0,0.0,0.0,fashion_mnist,101,0.1,8,8,128.0
deadline_greedy,mixed,0.9184166666666667,194.46031428727903,524.3642530942517,0.841,2.0,0.008733000000000003,0.0,1.0,0.0,0.0,0.0,1.0,0.0,0.0,0.0,fashion_mnist,101,0.1,8,8,128.0
oracle_split,mixed,0.9193333333333333,194.3565431014307,524.3642530942517,0.8396666666666667,4.820375,0.01000099966666667,0.0,1.0,0.0,0.0,0.022416666666666668,0.9748333333333333,0.00275,0.0,0.0,fashion_mnist,101,0.1,8,8,128.0
coda_split_controller,mixed,0.9184166666666667,194.46031428727903,524.3642530942517,0.841,2.0,0.008733000000000003,0.0,1.0,0.0,0.0,0.0,1.0,0.0,0.0,0.0,fashion_mnist,101,0.1,8,8,128.0
coda_controller,mixed,0.9420833333333334,60.772600000000004,60.7726,0.0,0.0,0.030386000000000007,0.0,0.0,1.0,0.0,0.0,0.0,0.0,0.0,1.0,fashion_mnist,101,0.1,8,8,128.0
cloud_only,wifi,0.87875,125.16790215985012,186.1064058353388,0.97225,384.0,0.192,0.0,1.0,0.0,0.0,1.0,0.0,0.0,0.0,0.0,cifar10,7,0.1,8,8,128.0
deadline_greedy,wifi,0.5291666666666667,56.952496184663005,95.52311176645004,0.15258333333333332,2.0,0.008969000000000003,0.0,1.0,0.0,0.0,0.0,1.0,0.0,0.0,0.0,cifar10,7,0.1,8,8,128.0
oracle_split,wifi,0.5291666666666667,56.952496184663005,95.52311176645004,0.15258333333333332,2.0,0.008969000000000003,0.0,1.0,0.0,0.0,0.0,1.0,0.0,0.0,0.0,cifar10,7,0.1,8,8,128.0
coda_split_controller,wifi,0.5291666666666667,56.952496184663005,95.52311176645004,0.15258333333333332,2.0,0.008969000000000003,0.0,1.0,0.0,0.0,0.0,1.0,0.0,0.0,0.0,cifar10,7,0.1,8,8,128.0
coda_controller,wifi,0.87775,61.236534117267,61.2444,0.0005833333333333334,0.006166666666666667,0.03055523658333333,0.0,0.0030833333333333333,0.9969166666666667,0.0,0.0,0.0030833333333333333,0.0,0.0,0.9969166666666667,cifar10,7,0.1,8,8,128.0
cloud_only,lte,0.87875,361.18953553681945,621.6471761214112,1.0,384.0,0.192,0.0,1.0,0.0,0.0,1.0,0.0,0.0,0.0,0.0,cifar10,7,0.1,8,8,128.0
deadline_greedy,lte,0.5291666666666667,93.33612081449272,150.31289526366066,0.6786666666666666,2.0,0.008969000000000003,0.0,1.0,0.0,0.0,0.0,1.0,0.0,0.0,0.0,cifar10,7,0.1,8,8,128.0
oracle_split,lte,0.5291666666666667,93.33612081449272,150.31289526366066,0.6786666666666666,2.0,0.008969000000000003,0.0,1.0,0.0,0.0,0.0,1.0,0.0,0.0,0.0,cifar10,7,0.1,8,8,128.0
coda_split_controller,lte,0.5291666666666667,93.33612081449272,150.31289526366066,0.6786666666666666,2.0,0.008969000000000003,0.0,1.0,0.0,0.0,0.0,1.0,0.0,0.0,0.0,cifar10,7,0.1,8,8,128.0
coda_controller,lte,0.87875,61.244400000000006,61.2444,0.0,0.0,0.030621999999999996,0.0,0.0,1.0,0.0,0.0,0.0,0.0,0.0,1.0,cifar10,7,0.1,8,8,128.0
cloud_only,congested,0.87875,994.6771321080188,2168.2148083547827,1.0,384.0,0.192,0.0,1.0,0.0,0.0,1.0,0.0,0.0,0.0,0.0,cifar10,7,0.1,8,8,128.0
deadline_greedy,congested,0.5291666666666667,154.60990429037432,300.3172307122665,0.9305833333333333,2.0,0.008969000000000003,0.0,1.0,0.0,0.0,0.0,1.0,0.0,0.0,0.0,cifar10,7,0.1,8,8,128.0
oracle_split,congested,0.5293333333333333,154.60704475546504,300.3172307122665,0.9305833333333333,1.999125,0.008975172250000002,0.0,1.0,0.0,0.0,0.0,0.9994166666666666,0.0005833333333333334,0.0,0.0,cifar10,7,0.1,8,8,128.0
coda_split_controller,congested,0.5291666666666667,154.60990429037432,300.3172307122665,0.9305833333333333,2.0,0.008969000000000003,0.0,1.0,0.0,0.0,0.0,1.0,0.0,0.0,0.0,cifar10,7,0.1,8,8,128.0
coda_controller,congested,0.87875,61.244400000000006,61.2444,0.0,0.0,0.030621999999999996,0.0,0.0,1.0,0.0,0.0,0.0,0.0,0.0,1.0,cifar10,7,0.1,8,8,128.0
cloud_only,mixed,0.87875,685.9967158944867,2102.9219179517363,0.9974166666666666,384.0,0.192,0.0,1.0,0.0,0.0,1.0,0.0,0.0,0.0,0.0,cifar10,7,0.1,8,8,128.0
deadline_greedy,mixed,0.5291666666666667,187.328416493515,512.0280123907258,0.8419166666666666,2.0,0.008969000000000003,0.0,1.0,0.0,0.0,0.0,1.0,0.0,0.0,0.0,cifar10,7,0.1,8,8,128.0
oracle_split,mixed,0.5299166666666667,187.31542583340115,512.0280123907258,0.8419166666666666,2.091625,0.009042092000000003,0.0,1.0,0.0,0.0,0.00025,0.9971666666666666,0.0025833333333333333,0.0,0.0,cifar10,7,0.1,8,8,128.0
coda_split_controller,mixed,0.5291666666666667,187.328416493515,512.0280123907258,0.8419166666666666,2.0,0.008969000000000003,0.0,1.0,0.0,0.0,0.0,1.0,0.0,0.0,0.0,cifar10,7,0.1,8,8,128.0
coda_controller,mixed,0.87875,61.244400000000006,61.2444,0.0,0.0,0.030621999999999996,0.0,0.0,1.0,0.0,0.0,0.0,0.0,0.0,1.0,cifar10,7,0.1,8,8,128.0
cloud_only,wifi,0.8820833333333333,125.54254035782976,185.70682406678074,0.97325,384.0,0.192,0.0,1.0,0.0,0.0,1.0,0.0,0.0,0.0,0.0,cifar10,13,0.1,8,8,128.0
deadline_greedy,wifi,0.5440833333333334,57.09695568846379,96.73783774619888,0.14758333333333334,2.0,0.008969000000000003,0.0,1.0,0.0,0.0,0.0,1.0,0.0,0.0,0.0,cifar10,13,0.1,8,8,128.0
oracle_split,wifi,0.5440833333333334,57.09695568846379,96.73783774619888,0.14758333333333334,2.0,0.008969000000000003,0.0,1.0,0.0,0.0,0.0,1.0,0.0,0.0,0.0,cifar10,13,0.1,8,8,128.0
coda_split_controller,wifi,0.5440833333333334,57.09695568846379,96.73783774619888,0.14758333333333334,2.0,0.008969000000000003,0.0,1.0,0.0,0.0,0.0,1.0,0.0,0.0,0.0,cifar10,13,0.1,8,8,128.0
coda_controller,wifi,0.8809166666666667,61.22705232026332,61.2444,0.0005,0.008166666666666666,0.03053358358333333,0.0,0.004083333333333333,0.9959166666666667,0.0,0.0,0.004083333333333333,0.0,0.0,0.9959166666666667,cifar10,13,0.1,8,8,128.0
cloud_only,lte,0.8820833333333333,363.0080546370123,630.2227757995546,1.0,384.0,0.192,0.0,1.0,0.0,0.0,1.0,0.0,0.0,0.0,0.0,cifar10,13,0.1,8,8,128.0
deadline_greedy,lte,0.5440833333333334,93.49200078499592,148.7019732821011,0.6816666666666666,2.0,0.008969000000000003,0.0,1.0,0.0,0.0,0.0,1.0,0.0,0.0,0.0,cifar10,13,0.1,8,8,128.0
oracle_split,lte,0.5440833333333334,93.49200078499592,148.7019732821011,0.6816666666666666,2.0,0.008969000000000003,0.0,1.0,0.0,0.0,0.0,1.0,0.0,0.0,0.0,cifar10,13,0.1,8,8,128.0
coda_split_controller,lte,0.5440833333333334,93.49200078499592,148.7019732821011,0.6816666666666666,2.0,0.008969000000000003,0.0,1.0,0.0,0.0,0.0,1.0,0.0,0.0,0.0,cifar10,13,0.1,8,8,128.0
coda_controller,lte,0.8820833333333333,61.244400000000006,61.2444,0.0,0.0,0.030621999999999996,0.0,0.0,1.0,0.0,0.0,0.0,0.0,0.0,1.0,cifar10,13,0.1,8,8,128.0
cloud_only,congested,0.8820833333333333,988.0023193676238,2135.2227651413277,1.0,384.0,0.192,0.0,1.0,0.0,0.0,1.0,0.0,0.0,0.0,0.0,cifar10,13,0.1,8,8,128.0
deadline_greedy,congested,0.5440833333333334,153.3836143790819,293.32468857433486,0.9294166666666667,2.0,0.008969000000000003,0.0,1.0,0.0,0.0,0.0,1.0,0.0,0.0,0.0,cifar10,13,0.1,8,8,128.0
oracle_split,congested,0.5441666666666667,153.3825937346794,293.1821066794191,0.9294166666666667,1.999625,0.008971645250000004,0.0,1.0,0.0,0.0,0.0,0.99975,0.00025,0.0,0.0,cifar10,13,0.1,8,8,128.0
coda_split_controller,congested,0.5440833333333334,153.3836143790819,293.32468857433486,0.9294166666666667,2.0,0.008969000000000003,0.0,1.0,0.0,0.0,0.0,1.0,0.0,0.0,0.0,cifar10,13,0.1,8,8,128.0
coda_controller,congested,0.8820833333333333,61.244400000000006,61.2444,0.0,0.0,0.030621999999999996,0.0,0.0,1.0,0.0,0.0,0.0,0.0,0.0,1.0,cifar10,13,0.1,8,8,128.0
cloud_only,mixed,0.8820833333333333,696.2268290524746,2065.0619615040005,0.99775,384.0,0.192,0.0,1.0,0.0,0.0,1.0,0.0,0.0,0.0,0.0,cifar10,13,0.1,8,8,128.0
deadline_greedy,mixed,0.5440833333333334,194.28737559423246,517.0017657227147,0.8463333333333334,2.0,0.008969000000000003,0.0,1.0,0.0,0.0,0.0,1.0,0.0,0.0,0.0,cifar10,13,0.1,8,8,128.0
oracle_split,mixed,0.54475,194.2741144746008,517.0017657227147,0.8463333333333334,2.1561666666666666,0.00906642491666667,0.0,1.0,0.0,0.0,0.0004166666666666667,0.9975833333333334,0.002,0.0,0.0,cifar10,13,0.1,8,8,128.0
coda_split_controller,mixed,0.5440833333333334,194.28737559423246,517.0017657227147,0.8463333333333334,2.0,0.008969000000000003,0.0,1.0,0.0,0.0,0.0,1.0,0.0,0.0,0.0,cifar10,13,0.1,8,8,128.0
coda_controller,mixed,0.8820833333333333,61.244400000000006,61.2444,0.0,0.0,0.030621999999999996,0.0,0.0,1.0,0.0,0.0,0.0,0.0,0.0,1.0,cifar10,13,0.1,8,8,128.0
cloud_only,wifi,0.8810833333333333,125.5469083766262,185.58407212997867,0.9751666666666666,384.0,0.192,0.0,1.0,0.0,0.0,1.0,0.0,0.0,0.0,0.0,cifar10,29,0.1,8,8,128.0
deadline_greedy,wifi,0.5149166666666667,57.07147714158509,94.75097311021608,0.15258333333333332,2.0,0.008969000000000003,0.0,1.0,0.0,0.0,0.0,1.0,0.0,0.0,0.0,cifar10,29,0.1,8,8,128.0
oracle_split,wifi,0.5149166666666667,57.07147714158509,94.75097311021608,0.15258333333333332,2.0,0.008969000000000003,0.0,1.0,0.0,0.0,0.0,1.0,0.0,0.0,0.0,cifar10,29,0.1,8,8,128.0
coda_split_controller,wifi,0.5149166666666667,57.07147714158509,94.75097311021608,0.15258333333333332,2.0,0.008969000000000003,0.0,1.0,0.0,0.0,0.0,1.0,0.0,0.0,0.0,cifar10,29,0.1,8,8,128.0
coda_controller,wifi,0.8776666666666667,61.1922733273625,61.2444,0.0015,0.018166666666666668,0.030425318583333326,0.0,0.009083333333333334,0.9909166666666667,0.0,0.0,0.009083333333333334,0.0,0.0,0.9909166666666667,cifar10,29,0.1,8,8,128.0
cloud_only,lte,0.8810833333333333,360.8131940701998,626.2374835898843,1.0,384.0,0.192,0.0,1.0,0.0,0.0,1.0,0.0,0.0,0.0,0.0,cifar10,29,0.1,8,8,128.0
deadline_greedy,lte,0.5149166666666667,93.53669711992583,150.63774182667447,0.6820833333333334,2.0,0.008969000000000003,0.0,1.0,0.0,0.0,0.0,1.0,0.0,0.0,0.0,cifar10,29,0.1,8,8,128.0
oracle_split,lte,0.5149166666666667,93.53669711992583,150.63774182667447,0.6820833333333334,2.0,0.008969000000000003,0.0,1.0,0.0,0.0,0.0,1.0,0.0,0.0,0.0,cifar10,29,0.1,8,8,128.0
coda_split_controller,lte,0.5149166666666667,93.53669711992583,150.63774182667447,0.6820833333333334,2.0,0.008969000000000003,0.0,1.0,0.0,0.0,0.0,1.0,0.0,0.0,0.0,cifar10,29,0.1,8,8,128.0
coda_controller,lte,0.8810833333333333,61.244400000000006,61.2444,0.0,0.0,0.030621999999999996,0.0,0.0,1.0,0.0,0.0,0.0,0.0,0.0,1.0,cifar10,29,0.1,8,8,128.0
cloud_only,congested,0.8810833333333333,998.0557972171521,2179.657549869288,1.0,384.0,0.192,0.0,1.0,0.0,0.0,1.0,0.0,0.0,0.0,0.0,cifar10,29,0.1,8,8,128.0
deadline_greedy,congested,0.5149166666666667,155.08601794697844,299.56245914285057,0.93,2.0,0.008969000000000003,0.0,1.0,0.0,0.0,0.0,1.0,0.0,0.0,0.0,cifar10,29,0.1,8,8,128.0
oracle_split,congested,0.515,155.08270525856872,299.56245914285057,0.93,1.999,0.008976054000000002,0.0,1.0,0.0,0.0,0.0,0.9993333333333333,0.0006666666666666666,0.0,0.0,cifar10,29,0.1,8,8,128.0
coda_split_controller,congested,0.5149166666666667,155.08601794697844,299.56245914285057,0.93,2.0,0.008969000000000003,0.0,1.0,0.0,0.0,0.0,1.0,0.0,0.0,0.0,cifar10,29,0.1,8,8,128.0
coda_controller,congested,0.8810833333333333,61.244400000000006,61.2444,0.0,0.0,0.030621999999999996,0.0,0.0,1.0,0.0,0.0,0.0,0.0,0.0,1.0,cifar10,29,0.1,8,8,128.0
cloud_only,mixed,0.8810833333333333,725.0049239005259,2189.7272338907346,0.9974166666666666,384.0,0.192,0.0,1.0,0.0,0.0,1.0,0.0,0.0,0.0,0.0,cifar10,29,0.1,8,8,128.0
deadline_greedy,mixed,0.5149166666666667,198.00216953083236,520.5074816562507,0.85475,2.0,0.008969000000000003,0.0,1.0,0.0,0.0,0.0,1.0,0.0,0.0,0.0,cifar10,29,0.1,8,8,128.0
oracle_split,mixed,0.5160833333333333,197.98951580586098,520.5074816562507,0.85475,2.3147083333333334,0.009147096583333337,0.0,1.0,0.0,0.0,0.0008333333333333334,0.99675,0.002416666666666667,0.0,0.0,cifar10,29,0.1,8,8,128.0
coda_split_controller,mixed,0.5149166666666667,198.00216953083236,520.5074816562507,0.85475,2.0,0.008969000000000003,0.0,1.0,0.0,0.0,0.0,1.0,0.0,0.0,0.0,cifar10,29,0.1,8,8,128.0
coda_controller,mixed,0.8810833333333333,61.244400000000006,61.2444,0.0,0.0,0.030621999999999996,0.0,0.0,1.0,0.0,0.0,0.0,0.0,0.0,1.0,cifar10,29,0.1,8,8,128.0
cloud_only,wifi,0.8771666666666667,125.25146684763534,185.87265825861292,0.9741666666666666,384.0,0.192,0.0,1.0,0.0,0.0,1.0,0.0,0.0,0.0,0.0,cifar10,42,0.1,8,8,128.0
deadline_greedy,wifi,0.5769166666666666,56.86783556588499,95.22692335336328,0.14891666666666667,2.0,0.008969000000000003,0.0,1.0,0.0,0.0,0.0,1.0,0.0,0.0,0.0,cifar10,42,0.1,8,8,128.0
oracle_split,wifi,0.5769166666666666,56.86783556588499,95.22692335336328,0.14891666666666667,2.0,0.008969000000000003,0.0,1.0,0.0,0.0,0.0,1.0,0.0,0.0,0.0,cifar10,42,0.1,8,8,128.0
coda_split_controller,wifi,0.5769166666666666,56.86783556588499,95.22692335336328,0.14891666666666667,2.0,0.008969000000000003,0.0,1.0,0.0,0.0,0.0,1.0,0.0,0.0,0.0,cifar10,42,0.1,8,8,128.0
coda_controller,wifi,0.8750833333333333,61.20786635068874,61.2444,0.00125,0.013333333333333334,0.030477646666666663,0.0,0.006666666666666667,0.9933333333333333,0.0,0.0,0.006666666666666667,0.0,0.0,0.9933333333333333,cifar10,42,0.1,8,8,128.0
cloud_only,lte,0.8771666666666667,361.479551979727,623.4438214175167,1.0,384.0,0.192,0.0,1.0,0.0,0.0,1.0,0.0,0.0,0.0,0.0,cifar10,42,0.1,8,8,128.0
deadline_greedy,lte,0.5769166666666666,93.66684085100032,150.4221865745622,0.6909166666666666,2.0,0.008969000000000003,0.0,1.0,0.0,0.0,0.0,1.0,0.0,0.0,0.0,cifar10,42,0.1,8,8,128.0
oracle_split,lte,0.5769166666666666,93.66684085100032,150.4221865745622,0.6909166666666666,2.0,0.008969000000000003,0.0,1.0,0.0,0.0,0.0,1.0,0.0,0.0,0.0,cifar10,42,0.1,8,8,128.0
coda_split_controller,lte,0.5769166666666666,93.66684085100032,150.4221865745622,0.6909166666666666,2.0,0.008969000000000003,0.0,1.0,0.0,0.0,0.0,1.0,0.0,0.0,0.0,cifar10,42,0.1,8,8,128.0
coda_controller,lte,0.8771666666666667,61.244400000000006,61.2444,0.0,0.0,0.030621999999999996,0.0,0.0,1.0,0.0,0.0,0.0,0.0,0.0,1.0,cifar10,42,0.1,8,8,128.0
cloud_only,congested,0.8771666666666667,987.5829857815206,2144.890049872078,1.0,384.0,0.192,0.0,1.0,0.0,0.0,1.0,0.0,0.0,0.0,0.0,cifar10,42,0.1,8,8,128.0
deadline_greedy,congested,0.5769166666666666,154.2888683077885,296.92402098916176,0.9299166666666666,2.0,0.008969000000000003,0.0,1.0,0.0,0.0,0.0,1.0,0.0,0.0,0.0,cifar10,42,0.1,8,8,128.0
oracle_split,congested,0.5771666666666667,154.28681835102935,296.92402098916176,0.9299166666666666,1.998875,0.008976935750000003,0.0,1.0,0.0,0.0,0.0,0.99925,0.00075,0.0,0.0,cifar10,42,0.1,8,8,128.0
coda_split_controller,congested,0.5769166666666666,154.2888683077885,296.92402098916176,0.9299166666666666,2.0,0.008969000000000003,0.0,1.0,0.0,0.0,0.0,1.0,0.0,0.0,0.0,cifar10,42,0.1,8,8,128.0
coda_controller,congested,0.8771666666666667,61.244400000000006,61.2444,0.0,0.0,0.030621999999999996,0.0,0.0,1.0,0.0,0.0,0.0,0.0,0.0,1.0,cifar10,42,0.1,8,8,128.0
cloud_only,mixed,0.8771666666666667,732.0444776996177,2285.1903984706996,0.9973333333333333,384.0,0.192,0.0,1.0,0.0,0.0,1.0,0.0,0.0,0.0,0.0,cifar10,42,0.1,8,8,128.0
deadline_greedy,mixed,0.5769166666666666,197.33518752720843,533.6811846855798,0.8490833333333333,2.0,0.008969000000000003,0.0,1.0,0.0,0.0,0.0,1.0,0.0,0.0,0.0,cifar10,42,0.1,8,8,128.0
oracle_split,mixed,0.5776666666666667,197.320761786475,533.1012262460396,0.8490833333333333,2.0915,0.009042973750000002,0.0,1.0,0.0,0.0,0.00025,0.9970833333333333,0.0026666666666666666,0.0,0.0,cifar10,42,0.1,8,8,128.0
coda_split_controller,mixed,0.5769166666666666,197.33518752720843,533.6811846855798,0.8490833333333333,2.0,0.008969000000000003,0.0,1.0,0.0,0.0,0.0,1.0,0.0,0.0,0.0,cifar10,42,0.1,8,8,128.0
coda_controller,mixed,0.8771666666666667,61.244400000000006,61.2444,0.0,0.0,0.030621999999999996,0.0,0.0,1.0,0.0,0.0,0.0,0.0,0.0,1.0,cifar10,42,0.1,8,8,128.0
cloud_only,wifi,0.88675,125.05512135138414,183.98255595952983,0.9715,384.0,0.192,0.0,1.0,0.0,0.0,1.0,0.0,0.0,0.0,0.0,cifar10,101,0.1,8,8,128.0
deadline_greedy,wifi,0.5454166666666667,56.95931319384496,94.94728144292753,0.15133333333333332,2.0,0.008969000000000003,0.0,1.0,0.0,0.0,0.0,1.0,0.0,0.0,0.0,cifar10,101,0.1,8,8,128.0
oracle_split,wifi,0.5454166666666667,56.95931319384496,94.94728144292753,0.15133333333333332,2.0,0.008969000000000003,0.0,1.0,0.0,0.0,0.0,1.0,0.0,0.0,0.0,cifar10,101,0.1,8,8,128.0
coda_split_controller,wifi,0.5454166666666667,56.95931319384496,94.94728144292753,0.15133333333333332,2.0,0.008969000000000003,0.0,1.0,0.0,0.0,0.0,1.0,0.0,0.0,0.0,cifar10,101,0.1,8,8,128.0
coda_controller,wifi,0.8861666666666667,61.242932136974034,61.2444,0.0003333333333333333,0.0031666666666666666,0.030587716083333327,0.0,0.0015833333333333333,0.9984166666666666,0.0,0.0,0.0015833333333333333,0.0,0.0,0.9984166666666666,cifar10,101,0.1,8,8,128.0
cloud_only,lte,0.88675,363.4363471318547,630.3048093099978,0.9999166666666667,384.0,0.192,0.0,1.0,0.0,0.0,1.0,0.0,0.0,0.0,0.0,cifar10,101,0.1,8,8,128.0
deadline_greedy,lte,0.5454166666666667,93.7540443980908,150.73059899695357,0.681,2.0,0.008969000000000003,0.0,1.0,0.0,0.0,0.0,1.0,0.0,0.0,0.0,cifar10,101,0.1,8,8,128.0
oracle_split,lte,0.5454166666666667,93.7540443980908,150.73059899695357,0.681,2.0,0.008969000000000003,0.0,1.0,0.0,0.0,0.0,1.0,0.0,0.0,0.0,cifar10,101,0.1,8,8,128.0
coda_split_controller,lte,0.5454166666666667,93.7540443980908,150.73059899695357,0.681,2.0,0.008969000000000003,0.0,1.0,0.0,0.0,0.0,1.0,0.0,0.0,0.0,cifar10,101,0.1,8,8,128.0
coda_controller,lte,0.88675,61.244400000000006,61.2444,0.0,0.0,0.030621999999999996,0.0,0.0,1.0,0.0,0.0,0.0,0.0,0.0,1.0,cifar10,101,0.1,8,8,128.0
cloud_only,congested,0.88675,1003.1093348518519,2229.721247596246,1.0,384.0,0.192,0.0,1.0,0.0,0.0,1.0,0.0,0.0,0.0,0.0,cifar10,101,0.1,8,8,128.0
deadline_greedy,congested,0.5454166666666667,153.93515718300762,293.0968282139293,0.9306666666666666,2.0,0.008969000000000003,0.0,1.0,0.0,0.0,0.0,1.0,0.0,0.0,0.0,cifar10,101,0.1,8,8,128.0
oracle_split,congested,0.5455,153.9319280381869,293.0968282139293,0.9306666666666666,1.999,0.008976054000000004,0.0,1.0,0.0,0.0,0.0,0.9993333333333333,0.0006666666666666666,0.0,0.0,cifar10,101,0.1,8,8,128.0
coda_split_controller,congested,0.5454166666666667,153.93515718300762,293.0968282139293,0.9306666666666666,2.0,0.008969000000000003,0.0,1.0,0.0,0.0,0.0,1.0,0.0,0.0,0.0,cifar10,101,0.1,8,8,128.0
coda_controller,congested,0.88675,61.244400000000006,61.2444,0.0,0.0,0.030621999999999996,0.0,0.0,1.0,0.0,0.0,0.0,0.0,0.0,1.0,cifar10,101,0.1,8,8,128.0
cloud_only,mixed,0.88675,722.5708137293203,2210.562093838366,0.9969166666666667,384.0,0.192,0.0,1.0,0.0,0.0,1.0,0.0,0.0,0.0,0.0,cifar10,101,0.1,8,8,128.0
deadline_greedy,mixed,0.5454166666666667,198.60052759307226,542.481376500149,0.841,2.0,0.008969000000000003,0.0,1.0,0.0,0.0,0.0,1.0,0.0,0.0,0.0,cifar10,101,0.1,8,8,128.0
oracle_split,mixed,0.54675,198.58204522015953,542.481376500149,0.841,2.3462916666666667,0.00916411266666667,0.0,1.0,0.0,0.0,0.0009166666666666666,0.9965,0.0025833333333333333,0.0,0.0,cifar10,101,0.1,8,8,128.0
coda_split_controller,mixed,0.5454166666666667,198.60052759307226,542.481376500149,0.841,2.0,0.008969000000000003,0.0,1.0,0.0,0.0,0.0,1.0,0.0,0.0,0.0,cifar10,101,0.1,8,8,128.0
coda_controller,mixed,0.88675,61.244400000000006,61.2444,0.0,0.0,0.030621999999999996,0.0,0.0,1.0,0.0,0.0,0.0,0.0,0.0,1.0,cifar10,101,0.1,8,8,128.0
cloud_only,wifi,0.9606666666666667,125.36970346370852,184.9930349568672,0.9525,384.0,0.192,0.0,1.0,0.0,0.0,1.0,0.0,0.0,0.0,0.0,svhn,7,0.1,8,8,128.0
deadline_greedy,wifi,0.6604166666666667,57.006949590487174,95.05597735032207,0.11383333333333333,2.0,0.008969000000000003,0.0,1.0,0.0,0.0,0.0,1.0,0.0,0.0,0.0,svhn,7,0.1,8,8,128.0
oracle_split,wifi,0.6604166666666667,57.006949590487174,95.05597735032207,0.11383333333333333,2.0,0.008969000000000003,0.0,1.0,0.0,0.0,0.0,1.0,0.0,0.0,0.0,svhn,7,0.1,8,8,128.0
coda_split_controller,wifi,0.6604166666666667,57.006949590487174,95.05597735032207,0.11383333333333333,2.0,0.008969000000000003,0.0,1.0,0.0,0.0,0.0,1.0,0.0,0.0,0.0,svhn,7,0.1,8,8,128.0
coda_controller,wifi,0.9604166666666667,61.248161331981215,61.2444,0.00025,0.0025,0.030594933749999994,0.0,0.00125,0.99875,0.0,0.0,0.00125,0.0,0.0,0.99875,svhn,7,0.1,8,8,128.0
cloud_only,lte,0.9606666666666667,359.4627495320499,622.8060685539568,1.0,384.0,0.192,0.0,1.0,0.0,0.0,1.0,0.0,0.0,0.0,0.0,svhn,7,0.1,8,8,128.0
deadline_greedy,lte,0.6604166666666667,93.60716982884371,151.01134209927108,0.6025,2.0,0.008969000000000003,0.0,1.0,0.0,0.0,0.0,1.0,0.0,0.0,0.0,svhn,7,0.1,8,8,128.0
oracle_split,lte,0.6604166666666667,93.60716982884371,151.01134209927108,0.6025,2.0,0.008969000000000003,0.0,1.0,0.0,0.0,0.0,1.0,0.0,0.0,0.0,svhn,7,0.1,8,8,128.0
coda_split_controller,lte,0.6604166666666667,93.60716982884371,151.01134209927108,0.6025,2.0,0.008969000000000003,0.0,1.0,0.0,0.0,0.0,1.0,0.0,0.0,0.0,svhn,7,0.1,8,8,128.0
coda_controller,lte,0.9606666666666667,61.244400000000006,61.2444,0.0,0.0,0.030621999999999996,0.0,0.0,1.0,0.0,0.0,0.0,0.0,0.0,1.0,svhn,7,0.1,8,8,128.0
cloud_only,congested,0.9606666666666667,1006.2211116901807,2256.141735698879,1.0,384.0,0.192,0.0,1.0,0.0,0.0,1.0,0.0,0.0,0.0,0.0,svhn,7,0.1,8,8,128.0
deadline_greedy,congested,0.6604166666666667,151.80184065238367,292.59529560742305,0.8993333333333333,2.0,0.008969000000000003,0.0,1.0,0.0,0.0,0.0,1.0,0.0,0.0,0.0,svhn,7,0.1,8,8,128.0
oracle_split,congested,0.6605833333333333,151.79638483872753,292.38317298479603,0.8993333333333333,1.9985,0.008979581000000004,0.0,1.0,0.0,0.0,0.0,0.999,0.001,0.0,0.0,svhn,7,0.1,8,8,128.0
coda_split_controller,congested,0.6604166666666667,151.80184065238367,292.59529560742305,0.8993333333333333,2.0,0.008969000000000003,0.0,1.0,0.0,0.0,0.0,1.0,0.0,0.0,0.0,svhn,7,0.1,8,8,128.0
coda_controller,congested,0.9606666666666667,61.244400000000006,61.2444,0.0,0.0,0.030621999999999996,0.0,0.0,1.0,0.0,0.0,0.0,0.0,0.0,1.0,svhn,7,0.1,8,8,128.0
cloud_only,mixed,0.9606666666666667,722.9172711724462,2258.4402266149673,0.9960833333333333,384.0,0.192,0.0,1.0,0.0,0.0,1.0,0.0,0.0,0.0,0.0,svhn,7,0.1,8,8,128.0
deadline_greedy,mixed,0.6604166666666667,197.08073974217328,539.8843266059723,0.81,2.0,0.008969000000000003,0.0,1.0,0.0,0.0,0.0,1.0,0.0,0.0,0.0,svhn,7,0.1,8,8,128.0
oracle_split,mixed,0.6611666666666667,197.06412825713696,539.8843266059723,0.81,2.1551666666666667,0.00907347891666667,0.0,1.0,0.0,0.0,0.0004166666666666667,0.9969166666666667,0.0026666666666666666,0.0,0.0,svhn,7,0.1,8,8,128.0
coda_split_controller,mixed,0.6604166666666667,197.08073974217328,539.8843266059723,0.81,2.0,0.008969000000000003,0.0,1.0,0.0,0.0,0.0,1.0,0.0,0.0,0.0,svhn,7,0.1,8,8,128.0
coda_controller,mixed,0.9606666666666667,61.244400000000006,61.2444,0.0,0.0,0.030621999999999996,0.0,0.0,1.0,0.0,0.0,0.0,0.0,0.0,1.0,svhn,7,0.1,8,8,128.0
cloud_only,wifi,0.9614166666666667,125.38842603431107,185.6969767544265,0.9519166666666666,384.0,0.192,0.0,1.0,0.0,0.0,1.0,0.0,0.0,0.0,0.0,svhn,13,0.1,8,8,128.0
deadline_greedy,wifi,0.6596666666666666,56.990730641607215,95.40036483285992,0.11333333333333333,2.0,0.008969000000000003,0.0,1.0,0.0,0.0,0.0,1.0,0.0,0.0,0.0,svhn,13,0.1,8,8,128.0
oracle_split,wifi,0.6596666666666666,56.990730641607215,95.40036483285992,0.11333333333333333,2.0,0.008969000000000003,0.0,1.0,0.0,0.0,0.0,1.0,0.0,0.0,0.0,svhn,13,0.1,8,8,128.0
coda_split_controller,wifi,0.6596666666666666,56.990730641607215,95.40036483285992,0.11333333333333333,2.0,0.008969000000000003,0.0,1.0,0.0,0.0,0.0,1.0,0.0,0.0,0.0,svhn,13,0.1,8,8,128.0
coda_controller,wifi,0.9601666666666666,61.22459351082223,61.2444,0.0006666666666666666,0.010833333333333334,0.030504712916666663,0.0,0.005416666666666667,0.9945833333333334,0.0,0.0,0.005416666666666667,0.0,0.0,0.9945833333333334,svhn,13,0.1,8,8,128.0
cloud_only,lte,0.9614166666666667,361.65835845480416,622.4641120322357,1.0,384.0,0.192,0.0,1.0,0.0,0.0,1.0,0.0,0.0,0.0,0.0,svhn,13,0.1,8,8,128.0
deadline_greedy,lte,0.6596666666666666,93.45826471194134,150.47445909455155,0.6001666666666666,2.0,0.008969000000000003,0.0,1.0,0.0,0.0,0.0,1.0,0.0,0.0,0.0,svhn,13,0.1,8,8,128.0
oracle_split,lte,0.6596666666666666,93.45826471194134,150.47445909455155,0.6001666666666666,2.0,0.008969000000000003,0.0,1.0,0.0,0.0,0.0,1.0,0.0,0.0,0.0,svhn,13,0.1,8,8,128.0
coda_split_controller,lte,0.6596666666666666,93.45826471194134,150.47445909455155,0.6001666666666666,2.0,0.008969000000000003,0.0,1.0,0.0,0.0,0.0,1.0,0.0,0.0,0.0,svhn,13,0.1,8,8,128.0
coda_controller,lte,0.9614166666666667,61.244400000000006,61.2444,0.0,0.0,0.030621999999999996,0.0,0.0,1.0,0.0,0.0,0.0,0.0,0.0,1.0,svhn,13,0.1,8,8,128.0
cloud_only,congested,0.9614166666666667,1000.650650320834,2206.2389441912846,1.0,384.0,0.192,0.0,1.0,0.0,0.0,1.0,0.0,0.0,0.0,0.0,svhn,13,0.1,8,8,128.0
deadline_greedy,congested,0.6596666666666666,155.1996128897254,302.94813956715745,0.90325,2.0,0.008969000000000003,0.0,1.0,0.0,0.0,0.0,1.0,0.0,0.0,0.0,svhn,13,0.1,8,8,128.0
oracle_split,congested,0.6599166666666667,155.19752538076997,302.94813956715745,0.90325,1.99925,0.008974290500000004,0.0,1.0,0.0,0.0,0.0,0.9995,0.0005,0.0,0.0,svhn,13,0.1,8,8,128.0
coda_split_controller,congested,0.6596666666666666,155.1996128897254,302.94813956715745,0.90325,2.0,0.008969000000000003,0.0,1.0,0.0,0.0,0.0,1.0,0.0,0.0,0.0,svhn,13,0.1,8,8,128.0
coda_controller,congested,0.9614166666666667,61.244400000000006,61.2444,0.0,0.0,0.030621999999999996,0.0,0.0,1.0,0.0,0.0,0.0,0.0,0.0,1.0,svhn,13,0.1,8,8,128.0
cloud_only,mixed,0.9614166666666667,703.7306320292105,2161.4908419182307,0.9966666666666667,384.0,0.192,0.0,1.0,0.0,0.0,1.0,0.0,0.0,0.0,0.0,svhn,13,0.1,8,8,128.0
deadline_greedy,mixed,0.6596666666666666,191.73408645645435,517.7243556188586,0.8138333333333333,2.0,0.008969000000000003,0.0,1.0,0.0,0.0,0.0,1.0,0.0,0.0,0.0,svhn,13,0.1,8,8,128.0
oracle_split,mixed,0.6609166666666667,191.71596150819667,517.7243556188586,0.8138333333333333,2.3466666666666667,0.00916146741666667,0.0,1.0,0.0,0.0,0.0009166666666666666,0.99675,0.0023333333333333335,0.0,0.0,svhn,13,0.1,8,8,128.0
coda_split_controller,mixed,0.6596666666666666,191.73408645645435,517.7243556188586,0.8138333333333333,2.0,0.008969000000000003,0.0,1.0,0.0,0.0,0.0,1.0,0.0,0.0,0.0,svhn,13,0.1,8,8,128.0
coda_controller,mixed,0.9614166666666667,61.244400000000006,61.2444,0.0,0.0,0.030621999999999996,0.0,0.0,1.0,0.0,0.0,0.0,0.0,0.0,1.0,svhn,13,0.1,8,8,128.0
cloud_only,wifi,0.9585833333333333,125.74749986052034,184.47917609978333,0.9549166666666666,384.0,0.192,0.0,1.0,0.0,0.0,1.0,0.0,0.0,0.0,0.0,svhn,29,0.1,8,8,128.0
deadline_greedy,wifi,0.9300833333333334,57.32065139997587,96.12464092473896,0.11875,2.0,0.008969000000000003,0.0,1.0,0.0,0.0,0.0,1.0,0.0,0.0,0.0,svhn,29,0.1,8,8,128.0
oracle_split,wifi,0.9300833333333334,57.32065139997587,96.12464092473896,0.11875,2.0,0.008969000000000003,0.0,1.0,0.0,0.0,0.0,1.0,0.0,0.0,0.0,svhn,29,0.1,8,8,128.0
coda_split_controller,wifi,0.9300833333333334,57.32065139997587,96.12464092473896,0.11875,2.0,0.008969000000000003,0.0,1.0,0.0,0.0,0.0,1.0,0.0,0.0,0.0,svhn,29,0.1,8,8,128.0
coda_controller,wifi,0.9585,61.22348079654452,61.2444,0.0003333333333333333,0.007166666666666667,0.03054441008333333,0.0,0.0035833333333333333,0.9964166666666666,0.0,0.0,0.0035833333333333333,0.0,0.0,0.9964166666666666,svhn,29,0.1,8,8,128.0
cloud_only,lte,0.9585833333333333,363.9537304788394,630.7774541000534,1.0,384.0,0.192,0.0,1.0,0.0,0.0,1.0,0.0,0.0,0.0,0.0,svhn,29,0.1,8,8,128.0
deadline_greedy,lte,0.9300833333333334,93.8135768164985,150.17485038736106,0.60775,2.0,0.008969000000000003,0.0,1.0,0.0,0.0,0.0,1.0,0.0,0.0,0.0,svhn,29,0.1,8,8,128.0
oracle_split,lte,0.9300833333333334,93.8135768164985,150.17485038736106,0.60775,2.0,0.008969000000000003,0.0,1.0,0.0,0.0,0.0,1.0,0.0,0.0,0.0,svhn,29,0.1,8,8,128.0
coda_split_controller,lte,0.9300833333333334,93.8135768164985,150.17485038736106,0.60775,2.0,0.008969000000000003,0.0,1.0,0.0,0.0,0.0,1.0,0.0,0.0,0.0,svhn,29,0.1,8,8,128.0
coda_controller,lte,0.9585833333333333,61.244400000000006,61.2444,0.0,0.0,0.030621999999999996,0.0,0.0,1.0,0.0,0.0,0.0,0.0,0.0,1.0,svhn,29,0.1,8,8,128.0
cloud_only,congested,0.9585833333333333,998.2109627029893,2188.207219529109,1.0,384.0,0.192,0.0,1.0,0.0,0.0,1.0,0.0,0.0,0.0,0.0,svhn,29,0.1,8,8,128.0
deadline_greedy,congested,0.9300833333333334,153.7351503933783,292.6822855454594,0.9041666666666667,2.0,0.008969000000000003,0.0,1.0,0.0,0.0,0.0,1.0,0.0,0.0,0.0,svhn,29,0.1,8,8,128.0
oracle_split,congested,0.9300833333333334,153.73285798362903,292.6822855454594,0.9041666666666667,1.999375,0.008973408750000005,0.0,1.0,0.0,0.0,0.0,0.9995833333333334,0.0004166666666666667,0.0,0.0,svhn,29,0.1,8,8,128.0
coda_split_controller,congested,0.9300833333333334,153.7351503933783,292.6822855454594,0.9041666666666667,2.0,0.008969000000000003,0.0,1.0,0.0,0.0,0.0,1.0,0.0,0.0,0.0,svhn,29,0.1,8,8,128.0
coda_controller,congested,0.9585833333333333,61.244400000000006,61.2444,0.0,0.0,0.030621999999999996,0.0,0.0,1.0,0.0,0.0,0.0,0.0,0.0,1.0,svhn,29,0.1,8,8,128.0
cloud_only,mixed,0.9585833333333333,746.2490114397502,2307.5655462159943,0.9966666666666667,384.0,0.192,0.0,1.0,0.0,0.0,1.0,0.0,0.0,0.0,0.0,svhn,29,0.1,8,8,128.0
deadline_greedy,mixed,0.9300833333333334,199.8123484349108,529.3446459911171,0.818,2.0,0.008969000000000003,0.0,1.0,0.0,0.0,0.0,1.0,0.0,0.0,0.0,svhn,29,0.1,8,8,128.0
oracle_split,mixed,0.93,199.7954411976025,529.0562167826415,0.818,2.218958333333333,0.009103102333333337,0.0,1.0,0.0,0.0,0.0005833333333333334,0.9968333333333333,0.0025833333333333333,0.0,0.0,svhn,29,0.1,8,8,128.0
coda_split_controller,mixed,0.9300833333333334,199.8123484349108,529.3446459911171,0.818,2.0,0.008969000000000003,0.0,1.0,0.0,0.0,0.0,1.0,0.0,0.0,0.0,svhn,29,0.1,8,8,128.0
coda_controller,mixed,0.9585833333333333,61.244400000000006,61.2444,0.0,0.0,0.030621999999999996,0.0,0.0,1.0,0.0,0.0,0.0,0.0,0.0,1.0,svhn,29,0.1,8,8,128.0
cloud_only,wifi,0.9601666666666666,125.50205551072487,185.53845662456354,0.9505833333333333,384.0,0.192,0.0,1.0,0.0,0.0,1.0,0.0,0.0,0.0,0.0,svhn,42,0.1,8,8,128.0
deadline_greedy,wifi,0.9420833333333334,56.8352892757829,94.20525286955576,0.11375,2.0,0.008969000000000003,0.0,1.0,0.0,0.0,0.0,1.0,0.0,0.0,0.0,svhn,42,0.1,8,8,128.0
oracle_split,wifi,0.9420833333333334,56.8352892757829,94.20525286955576,0.11375,2.0,0.008969000000000003,0.0,1.0,0.0,0.0,0.0,1.0,0.0,0.0,0.0,svhn,42,0.1,8,8,128.0
coda_split_controller,wifi,0.9420833333333334,56.8352892757829,94.20525286955576,0.11375,2.0,0.008969000000000003,0.0,1.0,0.0,0.0,0.0,1.0,0.0,0.0,0.0,svhn,42,0.1,8,8,128.0
coda_controller,wifi,0.9600833333333333,61.235489435926866,61.2444,0.0003333333333333333,0.006333333333333333,0.03055343216666666,0.0,0.0031666666666666666,0.9968333333333333,0.0,0.0,0.0031666666666666666,0.0,0.0,0.9968333333333333,svhn,42,0.1,8,8,128.0
cloud_only,lte,0.9601666666666666,359.7346075091306,621.1237045056391,1.0,384.0,0.192,0.0,1.0,0.0,0.0,1.0,0.0,0.0,0.0,0.0,svhn,42,0.1,8,8,128.0
deadline_greedy,lte,0.9420833333333334,93.07508688690106,150.60484638253743,0.591,2.0,0.008969000000000003,0.0,1.0,0.0,0.0,0.0,1.0,0.0,0.0,0.0,svhn,42,0.1,8,8,128.0
oracle_split,lte,0.9420833333333334,93.07508688690106,150.60484638253743,0.591,2.0,0.008969000000000003,0.0,1.0,0.0,0.0,0.0,1.0,0.0,0.0,0.0,svhn,42,0.1,8,8,128.0
coda_split_controller,lte,0.9420833333333334,93.07508688690106,150.60484638253743,0.591,2.0,0.008969000000000003,0.0,1.0,0.0,0.0,0.0,1.0,0.0,0.0,0.0,svhn,42,0.1,8,8,128.0
coda_controller,lte,0.9601666666666666,61.244400000000006,61.2444,0.0,0.0,0.030621999999999996,0.0,0.0,1.0,0.0,0.0,0.0,0.0,0.0,1.0,svhn,42,0.1,8,8,128.0
cloud_only,congested,0.9601666666666666,1006.4243816787586,2226.5303323138764,1.0,384.0,0.192,0.0,1.0,0.0,0.0,1.0,0.0,0.0,0.0,0.0,svhn,42,0.1,8,8,128.0
deadline_greedy,congested,0.9420833333333334,155.04260471106096,296.81529310232673,0.9085833333333333,2.0,0.008969000000000003,0.0,1.0,0.0,0.0,0.0,1.0,0.0,0.0,0.0,svhn,42,0.1,8,8,128.0
oracle_split,congested,0.9420833333333334,155.04116143992528,296.81529310232673,0.9085833333333333,1.99925,0.008974290500000004,0.0,1.0,0.0,0.0,0.0,0.9995,0.0005,0.0,0.0,svhn,42,0.1,8,8,128.0
coda_split_controller,congested,0.9420833333333334,155.04260471106096,296.81529310232673,0.9085833333333333,2.0,0.008969000000000003,0.0,1.0,0.0,0.0,0.0,1.0,0.0,0.0,0.0,svhn,42,0.1,8,8,128.0
coda_controller,congested,0.9601666666666666,61.244400000000006,61.2444,0.0,0.0,0.030621999999999996,0.0,0.0,1.0,0.0,0.0,0.0,0.0,0.0,1.0,svhn,42,0.1,8,8,128.0
cloud_only,mixed,0.9601666666666666,773.1195214868031,2384.5608644649406,0.9961666666666666,384.0,0.192,0.0,1.0,0.0,0.0,1.0,0.0,0.0,0.0,0.0,svhn,42,0.1,8,8,128.0
deadline_greedy,mixed,0.9420833333333334,206.31826359764432,568.0586403968991,0.819,2.0,0.008969000000000003,0.0,1.0,0.0,0.0,0.0,1.0,0.0,0.0,0.0,svhn,42,0.1,8,8,128.0
oracle_split,mixed,0.94175,206.29459073847082,568.0586403968991,0.819,2.154166666666667,0.00908053291666667,0.0,1.0,0.0,0.0,0.0004166666666666667,0.99625,0.0033333333333333335,0.0,0.0,svhn,42,0.1,8,8,128.0
coda_split_controller,mixed,0.9420833333333334,206.31826359764432,568.0586403968991,0.819,2.0,0.008969000000000003,0.0,1.0,0.0,0.0,0.0,1.0,0.0,0.0,0.0,svhn,42,0.1,8,8,128.0
coda_controller,mixed,0.9601666666666666,61.244400000000006,61.2444,0.0,0.0,0.030621999999999996,0.0,0.0,1.0,0.0,0.0,0.0,0.0,0.0,1.0,svhn,42,0.1,8,8,128.0
cloud_only,wifi,0.9618333333333333,125.72178763129304,184.50776954932843,0.9538333333333333,384.0,0.192,0.0,1.0,0.0,0.0,1.0,0.0,0.0,0.0,0.0,svhn,101,0.1,8,8,128.0
deadline_greedy,wifi,0.7244166666666667,56.9623052073276,95.47966592334997,0.111,2.0,0.008969000000000003,0.0,1.0,0.0,0.0,0.0,1.0,0.0,0.0,0.0,svhn,101,0.1,8,8,128.0
oracle_split,wifi,0.7244166666666667,56.9623052073276,95.47966592334997,0.111,2.0,0.008969000000000003,0.0,1.0,0.0,0.0,0.0,1.0,0.0,0.0,0.0,svhn,101,0.1,8,8,128.0
coda_split_controller,wifi,0.7244166666666667,56.9623052073276,95.47966592334997,0.111,2.0,0.008969000000000003,0.0,1.0,0.0,0.0,0.0,1.0,0.0,0.0,0.0,svhn,101,0.1,8,8,128.0
coda_controller,wifi,0.9618333333333333,61.2468844738848,61.2444,8.333333333333333e-05,0.0003333333333333333,0.030618391166666658,0.0,0.00016666666666666666,0.9998333333333334,0.0,0.0,0.00016666666666666666,0.0,0.0,0.9998333333333334,svhn,101,0.1,8,8,128.0
cloud_only,lte,0.9618333333333333,362.745464626656,629.5829999615358,1.0,384.0,0.192,0.0,1.0,0.0,0.0,1.0,0.0,0.0,0.0,0.0,svhn,101,0.1,8,8,128.0
deadline_greedy,lte,0.7244166666666667,93.81029407561437,151.6718541377537,0.599,2.0,0.008969000000000003,0.0,1.0,0.0,0.0,0.0,1.0,0.0,0.0,0.0,svhn,101,0.1,8,8,128.0
oracle_split,lte,0.7244166666666667,93.81029407561437,151.6718541377537,0.599,2.0,0.008969000000000003,0.0,1.0,0.0,0.0,0.0,1.0,0.0,0.0,0.0,svhn,101,0.1,8,8,128.0
coda_split_controller,lte,0.7244166666666667,93.81029407561437,151.6718541377537,0.599,2.0,0.008969000000000003,0.0,1.0,0.0,0.0,0.0,1.0,0.0,0.0,0.0,svhn,101,0.1,8,8,128.0
coda_controller,lte,0.9618333333333333,61.244400000000006,61.2444,0.0,0.0,0.030621999999999996,0.0,0.0,1.0,0.0,0.0,0.0,0.0,0.0,1.0,svhn,101,0.1,8,8,128.0
cloud_only,congested,0.9618333333333333,1000.0255351862867,2193.113570155485,1.0,384.0,0.192,0.0,1.0,0.0,0.0,1.0,0.0,0.0,0.0,0.0,svhn,101,0.1,8,8,128.0
deadline_greedy,congested,0.7244166666666667,153.83716503829777,289.77708275064487,0.9090833333333334,2.0,0.008969000000000003,0.0,1.0,0.0,0.0,0.0,1.0,0.0,0.0,0.0,svhn,101,0.1,8,8,128.0
oracle_split,congested,0.7245833333333334,153.8355872532006,289.77708275064487,0.9090833333333334,1.998875,0.008976935750000003,0.0,1.0,0.0,0.0,0.0,0.99925,0.00075,0.0,0.0,svhn,101,0.1,8,8,128.0
coda_split_controller,congested,0.7244166666666667,153.83716503829777,289.77708275064487,0.9090833333333334,2.0,0.008969000000000003,0.0,1.0,0.0,0.0,0.0,1.0,0.0,0.0,0.0,svhn,101,0.1,8,8,128.0
coda_controller,congested,0.9618333333333333,61.244400000000006,61.2444,0.0,0.0,0.030621999999999996,0.0,0.0,1.0,0.0,0.0,0.0,0.0,0.0,1.0,svhn,101,0.1,8,8,128.0
cloud_only,mixed,0.9618333333333333,713.7470229198194,2209.8472952524157,0.9960833333333333,384.0,0.192,0.0,1.0,0.0,0.0,1.0,0.0,0.0,0.0,0.0,svhn,101,0.1,8,8,128.0
deadline_greedy,mixed,0.7244166666666667,197.10210937101925,538.2016568254828,0.809,2.0,0.008969000000000003,0.0,1.0,0.0,0.0,0.0,1.0,0.0,0.0,0.0,svhn,101,0.1,8,8,128.0
oracle_split,mixed,0.7250833333333333,197.08413119686637,538.2016568254828,0.809,2.2502916666666666,0.00912188191666667,0.0,1.0,0.0,0.0,0.0006666666666666666,0.9964166666666666,0.002916666666666667,0.0,0.0,svhn,101,0.1,8,8,128.0
coda_split_controller,mixed,0.7244166666666667,197.10210937101925,538.2016568254828,0.809,2.0,0.008969000000000003,0.0,1.0,0.0,0.0,0.0,1.0,0.0,0.0,0.0,svhn,101,0.1,8,8,128.0
coda_controller,mixed,0.9618333333333333,61.244400000000006,61.2444,0.0,0.0,0.030621999999999996,0.0,0.0,1.0,0.0,0.0,0.0,0.0,0.0,1.0,svhn,101,0.1,8,8,128.0
