method,profile,accuracy,mean_latency_ms,p95_latency_ms,deadline_miss_rate,mean_upload_kb,mean_energy_j,exit_rate,offload_rate,local_rate,selective_error,action_cloud_raw_rate,action_split_l1_rate,action_split_l2_rate,action_split_l3_rate,action_local_full_rate,dataset,seed,alpha,raw_input_scale,payload_scale
cloud_only,wifi,0.9975,68.74481264651837,108.65822934416502,0.39216666666666666,128.0,0.06400000000000002,0.0,1.0,0.0,0.0,1.0,0.0,0.0,0.0,0.0,mnist,7,0.1,128.0,0.125
deadline_greedy,wifi,0.9975,56.43969295800304,94.60723112979629,0.18833333333333332,2.0,0.008706999999999996,0.0,1.0,0.0,0.0,0.0,1.0,0.0,0.0,0.0,mnist,7,0.1,128.0,0.125
oracle_split,wifi,0.9975,56.37377441155204,94.51308487359731,0.188,6.683,0.010762056499999995,0.0,1.0,0.0,0.0,0.03716666666666667,0.9628333333333333,0.0,0.0,0.0,mnist,7,0.1,128.0,0.125
coda_split_controller,wifi,0.9975,56.43969295800304,94.60723112979629,0.18833333333333332,2.0,0.008706999999999996,0.0,1.0,0.0,0.0,0.0,1.0,0.0,0.0,0.0,mnist,7,0.1,128.0,0.125
coda_controller,wifi,0.9975,60.71829119392579,60.7726,0.0023333333333333335,0.022333333333333334,0.03014391783333334,0.0,0.011166666666666667,0.9888333333333333,0.0,0.0,0.011166666666666667,0.0,0.0,0.9888333333333333,mnist,7,0.1,128.0,0.125
cloud_only,lte,0.9975,170.0066692587894,277.3297977892708,0.998,128.0,0.06400000000000002,0.0,1.0,0.0,0.0,1.0,0.0,0.0,0.0,0.0,mnist,7,0.1,128.0,0.125
deadline_greedy,lte,0.9975,92.41789256293454,147.75109652855227,0.7535,2.0,0.008706999999999996,0.0,1.0,0.0,0.0,0.0,1.0,0.0,0.0,0.0,mnist,7,0.1,128.0,0.125
oracle_split,lte,0.9975,92.41765183430367,147.75109652855227,0.7535,2.021,0.008716215499999997,0.0,1.0,0.0,0.0,0.00016666666666666666,0.9998333333333334,0.0,0.0,0.0,mnist,7,0.1,128.0,0.125
coda_split_controller,lte,0.9975,92.41789256293454,147.75109652855227,0.7535,2.0,0.008706999999999996,0.0,1.0,0.0,0.0,0.0,1.0,0.0,0.0,0.0,mnist,7,0.1,128.0,0.125
coda_controller,lte,0.9975,60.772600000000004,60.7726,0.0,0.0,0.030386000000000007,0.0,0.0,1.0,0.0,0.0,0.0,0.0,0.0,1.0,mnist,7,0.1,128.0,0.125
cloud_only,congested,0.9975,421.5142767773252,835.3272983306857,0.9998333333333334,128.0,0.06400000000000002,0.0,1.0,0.0,0.0,1.0,0.0,0.0,0.0,0.0,mnist,7,0.1,128.0,0.125
deadline_greedy,congested,0.9975,155.38845760507962,302.7819446808802,0.9521666666666667,2.0,0.008706999999999996,0.0,1.0,0.0,0.0,0.0,1.0,0.0,0.0,0.0,mnist,7,0.1,128.0,0.125
oracle_split,congested,0.9975,155.38845760507962,302.7819446808802,0.9521666666666667,2.0,0.008706999999999996,0.0,1.0,0.0,0.0,0.0,1.0,0.0,0.0,0.0,mnist,7,0.1,128.0,0.125
coda_split_controller,congested,0.9975,155.38845760507962,302.7819446808802,0.9521666666666667,2.0,0.008706999999999996,0.0,1.0,0.0,0.0,0.0,1.0,0.0,0.0,0.0,mnist,7,0.1,128.0,0.125
coda_controller,congested,0.9975,60.772600000000004,60.7726,0.0,0.0,0.030386000000000007,0.0,0.0,1.0,0.0,0.0,0.0,0.0,0.0,1.0,mnist,7,0.1,128.0,0.125
cloud_only,mixed,0.9975,349.8945837153158,1035.9034321010083,0.9783333333333334,128.0,0.06400000000000002,0.0,1.0,0.0,0.0,1.0,0.0,0.0,0.0,0.0,mnist,7,0.1,128.0,0.125
deadline_greedy,mixed,0.9975,189.75280604491616,516.9140518779061,0.8665,2.0,0.008706999999999996,0.0,1.0,0.0,0.0,0.0,1.0,0.0,0.0,0.0,mnist,7,0.1,128.0,0.125
oracle_split,mixed,0.9975,189.67368681201995,516.9140518779061,0.8655,4.918166666666667,0.009996991166666663,0.0,1.0,0.0,0.0,0.023166666666666665,0.976,0.0008333333333333334,0.0,0.0,mnist,7,0.1,128.0,0.125
coda_split_controller,mixed,0.9975,189.75280604491616,516.9140518779061,0.8665,2.0,0.008706999999999996,0.0,1.0,0.0,0.0,0.0,1.0,0.0,0.0,0.0,mnist,7,0.1,128.0,0.125
coda_controller,mixed,0.9975,60.772600000000004,60.7726,0.0,0.0,0.030386000000000007,0.0,0.0,1.0,0.0,0.0,0.0,0.0,0.0,1.0,mnist,7,0.1,128.0,0.125
cloud_only,wifi,0.9958333333333333,69.07875143077514,109.42508803512246,0.39316666666666666,128.0,0.06400000000000002,0.0,1.0,0.0,0.0,1.0,0.0,0.0,0.0,0.0,mnist,13,0.1,128.0,0.125
deadline_greedy,wifi,0.9958333333333333,56.55041446644756,94.6201904981972,0.19333333333333333,2.0,0.008706999999999996,0.0,1.0,0.0,0.0,0.0,1.0,0.0,0.0,0.0,mnist,13,0.1,128.0,0.125
oracle_split,wifi,0.9958333333333333,56.49381642507493,94.53850622052089,0.1925,6.494,0.010679116999999995,0.0,1.0,0.0,0.0,0.035666666666666666,0.9643333333333334,0.0,0.0,0.0,mnist,13,0.1,128.0,0.125
coda_split_controller,wifi,0.9958333333333333,56.55041446644756,94.6201904981972,0.19333333333333333,2.0,0.008706999999999996,0.0,1.0,0.0,0.0,0.0,1.0,0.0,0.0,0.0,mnist,13,0.1,128.0,0.125
coda_controller,wifi,0.9958333333333333,60.62621534920621,60.7726,0.0031666666666666666,0.03966666666666667,0.02995603316666667,0.0,0.019833333333333335,0.9801666666666666,0.0,0.0,0.019833333333333335,0.0,0.0,0.9801666666666666,mnist,13,0.1,128.0,0.125
cloud_only,lte,0.9958333333333333,172.33375042217227,284.60526560994543,0.9971666666666666,128.0,0.06400000000000002,0.0,1.0,0.0,0.0,1.0,0.0,0.0,0.0,0.0,mnist,13,0.1,128.0,0.125
deadline_greedy,lte,0.9958333333333333,92.73866507206287,149.1645019579772,0.7575,2.0,0.008706999999999996,0.0,1.0,0.0,0.0,0.0,1.0,0.0,0.0,0.0,mnist,13,0.1,128.0,0.125
oracle_split,lte,0.9958333333333333,92.73851182779188,149.1645019579772,0.7575,2.021,0.008716215499999997,0.0,1.0,0.0,0.0,0.00016666666666666666,0.9998333333333334,0.0,0.0,0.0,mnist,13,0.1,128.0,0.125
coda_split_controller,lte,0.9958333333333333,92.73866507206287,149.1645019579772,0.7575,2.0,0.008706999999999996,0.0,1.0,0.0,0.0,0.0,1.0,0.0,0.0,0.0,mnist,13,0.1,128.0,0.125
coda_controller,lte,0.9958333333333333,60.772600000000004,60.7726,0.0,0.0,0.030386000000000007,0.0,0.0,1.0,0.0,0.0,0.0,0.0,0.0,1.0,mnist,13,0.1,128.0,0.125
cloud_only,congested,0.9958333333333333,421.9811781017757,845.1956682765081,0.9998333333333334,128.0,0.06400000000000002,0.0,1.0,0.0,0.0,1.0,0.0,0.0,0.0,0.0,mnist,13,0.1,128.0,0.125
deadline_greedy,congested,0.9958333333333333,154.13221866821425,291.8105009996638,0.951,2.0,0.008706999999999996,0.0,1.0,0.0,0.0,0.0,1.0,0.0,0.0,0.0,mnist,13,0.1,128.0,0.125
oracle_split,congested,0.9958333333333333,154.13221866821425,291.8105009996638,0.951,2.0,0.008706999999999996,0.0,1.0,0.0,0.0,0.0,1.0,0.0,0.0,0.0,mnist,13,0.1,128.0,0.125
coda_split_controller,congested,0.9958333333333333,154.13221866821425,291.8105009996638,0.951,2.0,0.008706999999999996,0.0,1.0,0.0,0.0,0.0,1.0,0.0,0.0,0.0,mnist,13,0.1,128.0,0.125
coda_controller,congested,0.9958333333333333,60.772600000000004,60.7726,0.0,0.0,0.030386000000000007,0.0,0.0,1.0,0.0,0.0,0.0,0.0,0.0,1.0,mnist,13,0.1,128.0,0.125
cloud_only,mixed,0.9958333333333333,360.27264247085077,1054.7623380305727,0.9788333333333333,128.0,0.06400000000000002,0.0,1.0,0.0,0.0,1.0,0.0,0.0,0.0,0.0,mnist,13,0.1,128.0,0.125
deadline_greedy,mixed,0.9958333333333333,198.07449453935826,525.0661544104317,0.8768333333333334,2.0,0.008706999999999996,0.0,1.0,0.0,0.0,0.0,1.0,0.0,0.0,0.0,mnist,13,0.1,128.0,0.125
oracle_split,mixed,0.9958333333333333,197.98342532619154,525.0661544104317,0.8763333333333333,4.666166666666666,0.009886405166666666,0.0,1.0,0.0,0.0,0.021166666666666667,0.978,0.0008333333333333334,0.0,0.0,mnist,13,0.1,128.0,0.125
coda_split_controller,mixed,0.9958333333333333,198.07449453935826,525.0661544104317,0.8768333333333334,2.0,0.008706999999999996,0.0,1.0,0.0,0.0,0.0,1.0,0.0,0.0,0.0,mnist,13,0.1,128.0,0.125
coda_controller,mixed,0.9958333333333333,60.772600000000004,60.7726,0.0,0.0,0.030386000000000007,0.0,0.0,1.0,0.0,0.0,0.0,0.0,0.0,1.0,mnist,13,0.1,128.0,0.125
cloud_only,wifi,0.9968333333333333,68.75204230794081,108.97724469473822,0.39316666666666666,128.0,0.06400000000000002,0.0,1.0,0.0,0.0,1.0,0.0,0.0,0.0,0.0,mnist,29,0.1,128.0,0.125
deadline_greedy,wifi,0.9968333333333333,56.293551344834356,94.29759617586814,0.19066666666666668,2.0,0.008706999999999996,0.0,1.0,0.0,0.0,0.0,1.0,0.0,0.0,0.0,mnist,29,0.1,128.0,0.125
oracle_split,wifi,0.9968333333333333,56.22887745420648,94.27115421701411,0.19016666666666668,6.368,0.010623823999999997,0.0,1.0,0.0,0.0,0.034666666666666665,0.9653333333333334,0.0,0.0,0.0,mnist,29,0.1,128.0,0.125
coda_split_controller,wifi,0.9968333333333333,56.293551344834356,94.29759617586814,0.19066666666666668,2.0,0.008706999999999996,0.0,1.0,0.0,0.0,0.0,1.0,0.0,0.0,0.0,mnist,29,0.1,128.0,0.125
coda_controller,wifi,0.9968333333333333,60.7541859300441,60.7726,0.0013333333333333333,0.011666666666666667,0.030259539166666675,0.0,0.005833333333333334,0.9941666666666666,0.0,0.0,0.005833333333333334,0.0,0.0,0.9941666666666666,mnist,29,0.1,128.0,0.125
cloud_only,lte,0.9968333333333333,172.5322606803272,282.5460394115494,0.9981666666666666,128.0,0.06400000000000002,0.0,1.0,0.0,0.0,1.0,0.0,0.0,0.0,0.0,mnist,29,0.1,128.0,0.125
deadline_greedy,lte,0.9968333333333333,92.64847055364497,148.25562116032583,0.762,2.0,0.008706999999999996,0.0,1.0,0.0,0.0,0.0,1.0,0.0,0.0,0.0,mnist,29,0.1,128.0,0.125
oracle_split,lte,0.9968333333333333,92.64847055364497,148.25562116032583,0.762,2.0,0.008706999999999996,0.0,1.0,0.0,0.0,0.0,1.0,0.0,0.0,0.0,mnist,29,0.1,128.0,0.125
coda_split_controller,lte,0.9968333333333333,92.64847055364497,148.25562116032583,0.762,2.0,0.008706999999999996,0.0,1.0,0.0,0.0,0.0,1.0,0.0,0.0,0.0,mnist,29,0.1,128.0,0.125
coda_controller,lte,0.9968333333333333,60.772600000000004,60.7726,0.0,0.0,0.030386000000000007,0.0,0.0,1.0,0.0,0.0,0.0,0.0,0.0,1.0,mnist,29,0.1,128.0,0.125
cloud_only,congested,0.9968333333333333,418.43737890895846,847.0820166405456,1.0,128.0,0.06400000000000002,0.0,1.0,0.0,0.0,1.0,0.0,0.0,0.0,0.0,mnist,29,0.1,128.0,0.125
deadline_greedy,congested,0.9968333333333333,151.99805553723172,295.91866536646074,0.948,2.0,0.008706999999999996,0.0,1.0,0.0,0.0,0.0,1.0,0.0,0.0,0.0,mnist,29,0.1,128.0,0.125
oracle_split,congested,0.9968333333333333,151.99768591547416,295.91866536646074,0.948,2.021,0.008716215499999997,0.0,1.0,0.0,0.0,0.00016666666666666666,0.9998333333333334,0.0,0.0,0.0,mnist,29,0.1,128.0,0.125
coda_split_controller,congested,0.9968333333333333,151.99805553723172,295.91866536646074,0.948,2.0,0.008706999999999996,0.0,1.0,0.0,0.0,0.0,1.0,0.0,0.0,0.0,mnist,29,0.1,128.0,0.125
coda_controller,congested,0.9968333333333333,60.772600000000004,60.7726,0.0,0.0,0.030386000000000007,0.0,0.0,1.0,0.0,0.0,0.0,0.0,0.0,1.0,mnist,29,0.1,128.0,0.125
cloud_only,mixed,0.9968333333333333,344.23531445048405,1022.4665105926525,0.9756666666666667,128.0,0.06400000000000002,0.0,1.0,0.0,0.0,1.0,0.0,0.0,0.0,0.0,mnist,29,0.1,128.0,0.125
deadline_greedy,mixed,0.9968333333333333,187.2629968895133,503.65108993982153,0.8705,2.0,0.008706999999999996,0.0,1.0,0.0,0.0,0.0,1.0,0.0,0.0,0.0,mnist,29,0.1,128.0,0.125
oracle_split,mixed,0.9968333333333333,187.16573853909233,503.65108993982153,0.8696666666666667,5.065,0.010063306999999997,0.0,1.0,0.0,0.0,0.024333333333333332,0.9746666666666667,0.001,0.0,0.0,mnist,29,0.1,128.0,0.125
coda_split_controller,mixed,0.9968333333333333,187.2629968895133,503.65108993982153,0.8705,2.0,0.008706999999999996,0.0,1.0,0.0,0.0,0.0,1.0,0.0,0.0,0.0,mnist,29,0.1,128.0,0.125
coda_controller,mixed,0.9968333333333333,60.772600000000004,60.7726,0.0,0.0,0.030386000000000007,0.0,0.0,1.0,0.0,0.0,0.0,0.0,0.0,1.0,mnist,29,0.1,128.0,0.125
cloud_only,wifi,0.9955,68.60068226782298,109.49650234279882,0.37933333333333336,128.0,0.06400000000000002,0.0,1.0,0.0,0.0,1.0,0.0,0.0,0.0,0.0,mnist,42,0.1,128.0,0.125
deadline_greedy,wifi,0.9955,56.30598978995748,95.26199132122284,0.187,2.0,0.008706999999999996,0.0,1.0,0.0,0.0,0.0,1.0,0.0,0.0,0.0,mnist,42,0.1,128.0,0.125
oracle_split,wifi,0.9955,56.24929288727594,95.26199132122284,0.18583333333333332,6.179,0.010540884499999997,0.0,1.0,0.0,0.0,0.033166666666666664,0.9668333333333333,0.0,0.0,0.0,mnist,42,0.1,128.0,0.125
coda_split_controller,wifi,0.9955,56.30598978995748,95.26199132122284,0.187,2.0,0.008706999999999996,0.0,1.0,0.0,0.0,0.0,1.0,0.0,0.0,0.0,mnist,42,0.1,128.0,0.125
coda_controller,wifi,0.9955,60.733424018021516,60.7726,0.0016666666666666668,0.017333333333333333,0.030198115333333338,0.0,0.008666666666666666,0.9913333333333333,0.0,0.0,0.008666666666666666,0.0,0.0,0.9913333333333333,mnist,42,0.1,128.0,0.125
cloud_only,lte,0.9955,171.8738315318409,280.1536851609012,0.9966666666666667,128.0,0.06400000000000002,0.0,1.0,0.0,0.0,1.0,0.0,0.0,0.0,0.0,mnist,42,0.1,128.0,0.125
deadline_greedy,lte,0.9955,93.54944059966935,150.37970291869138,0.7586666666666667,2.0,0.008706999999999996,0.0,1.0,0.0,0.0,0.0,1.0,0.0,0.0,0.0,mnist,42,0.1,128.0,0.125
oracle_split,lte,0.9955,93.54847737806458,150.37970291869138,0.7586666666666667,2.021,0.008716215499999997,0.0,1.0,0.0,0.0,0.00016666666666666666,0.9998333333333334,0.0,0.0,0.0,mnist,42,0.1,128.0,0.125
coda_split_controller,lte,0.9955,93.54944059966935,150.37970291869138,0.7586666666666667,2.0,0.008706999999999996,0.0,1.0,0.0,0.0,0.0,1.0,0.0,0.0,0.0,mnist,42,0.1,128.0,0.125
coda_controller,lte,0.9955,60.772600000000004,60.7726,0.0,0.0,0.030386000000000007,0.0,0.0,1.0,0.0,0.0,0.0,0.0,0.0,1.0,mnist,42,0.1,128.0,0.125
cloud_only,congested,0.9955,418.7206071114363,838.160082863366,1.0,128.0,0.06400000000000002,0.0,1.0,0.0,0.0,1.0,0.0,0.0,0.0,0.0,mnist,42,0.1,128.0,0.125
deadline_greedy,congested,0.9955,153.49863655946865,295.84540685033477,0.9516666666666667,2.0,0.008706999999999996,0.0,1.0,0.0,0.0,0.0,1.0,0.0,0.0,0.0,mnist,42,0.1,128.0,0.125
oracle_split,congested,0.9955,153.4984313860173,295.84540685033477,0.9516666666666667,1.9996666666666667,0.008710614666666663,0.0,1.0,0.0,0.0,0.0,0.9996666666666667,0.0003333333333333333,0.0,0.0,mnist,42,0.1,128.0,0.125
coda_split_controller,congested,0.9955,153.49863655946865,295.84540685033477,0.9516666666666667,2.0,0.008706999999999996,0.0,1.0,0.0,0.0,0.0,1.0,0.0,0.0,0.0,mnist,42,0.1,128.0,0.125
coda_controller,congested,0.9955,60.772600000000004,60.7726,0.0,0.0,0.030386000000000007,0.0,0.0,1.0,0.0,0.0,0.0,0.0,0.0,1.0,mnist,42,0.1,128.0,0.125
cloud_only,mixed,0.9955,406.316741601544,1166.1534042337037,0.9818333333333333,128.0,0.06400000000000002,0.0,1.0,0.0,0.0,1.0,0.0,0.0,0.0,0.0,mnist,42,0.1,128.0,0.125
deadline_greedy,mixed,0.9955,218.9481185404691,601.7972054462323,0.8931666666666667,2.0,0.008706999999999996,0.0,1.0,0.0,0.0,0.0,1.0,0.0,0.0,0.0,mnist,42,0.1,128.0,0.125
oracle_split,mixed,0.9955,218.8765541130257,601.7972054462323,0.8925,4.204666666666666,0.009678242166666663,0.0,1.0,0.0,0.0,0.0175,0.9821666666666666,0.0003333333333333333,0.0,0.0,mnist,42,0.1,128.0,0.125
coda_split_controller,mixed,0.9955,218.9481185404691,601.7972054462323,0.8931666666666667,2.0,0.008706999999999996,0.0,1.0,0.0,0.0,0.0,1.0,0.0,0.0,0.0,mnist,42,0.1,128.0,0.125
coda_controller,mixed,0.9955,60.772600000000004,60.7726,0.0,0.0,0.030386000000000007,0.0,0.0,1.0,0.0,0.0,0.0,0.0,0.0,1.0,mnist,42,0.1,128.0,0.125
cloud_only,wifi,0.9975,69.16470907384753,110.81097291753709,0.39816666666666667,128.0,0.06400000000000002,0.0,1.0,0.0,0.0,1.0,0.0,0.0,0.0,0.0,mnist,101,0.1,128.0,0.125
deadline_greedy,wifi,0.9975,56.704991310420155,96.41055139653325,0.19483333333333333,2.0,0.008706999999999996,0.0,1.0,0.0,0.0,0.0,1.0,0.0,0.0,0.0,mnist,101,0.1,128.0,0.125
oracle_split,wifi,0.9975,56.652364383813996,96.3422031968098,0.1945,6.242,0.010568530999999997,0.0,1.0,0.0,0.0,0.033666666666666664,0.9663333333333334,0.0,0.0,0.0,mnist,101,0.1,128.0,0.125
coda_split_controller,wifi,0.9975,56.704991310420155,96.41055139653325,0.19483333333333333,2.0,0.008706999999999996,0.0,1.0,0.0,0.0,0.0,1.0,0.0,0.0,0.0,mnist,101,0.1,128.0,0.125
coda_controller,wifi,0.9975,60.687360252908334,60.7726,0.0023333333333333335,0.023666666666666666,0.03012946516666667,0.0,0.011833333333333333,0.9881666666666666,0.0,0.0,0.011833333333333333,0.0,0.0,0.9881666666666666,mnist,101,0.1,128.0,0.125
cloud_only,lte,0.9975,171.06416846713682,280.456677224311,0.9961666666666666,128.0,0.06400000000000002,0.0,1.0,0.0,0.0,1.0,0.0,0.0,0.0,0.0,mnist,101,0.1,128.0,0.125
deadline_greedy,lte,0.9975,93.12841871010586,147.60023867469602,0.7615,2.0,0.008706999999999996,0.0,1.0,0.0,0.0,0.0,1.0,0.0,0.0,0.0,mnist,101,0.1,128.0,0.125
oracle_split,lte,0.9975,93.12743557325402,147.60023867469602,0.7615,2.021,0.008716215499999997,0.0,1.0,0.0,0.0,0.00016666666666666666,0.9998333333333334,0.0,0.0,0.0,mnist,101,0.1,128.0,0.125
coda_split_controller,lte,0.9975,93.12841871010586,147.60023867469602,0.7615,2.0,0.008706999999999996,0.0,1.0,0.0,0.0,0.0,1.0,0.0,0.0,0.0,mnist,101,0.1,128.0,0.125
coda_controller,lte,0.9975,60.772600000000004,60.7726,0.0,0.0,0.030386000000000007,0.0,0.0,1.0,0.0,0.0,0.0,0.0,0.0,1.0,mnist,101,0.1,128.0,0.125
cloud_only,congested,0.9975,421.9509319602169,855.5830405219323,1.0,128.0,0.06400000000000002,0.0,1.0,0.0,0.0,1.0,0.0,0.0,0.0,0.0,mnist,101,0.1,128.0,0.125
deadline_greedy,congested,0.9975,154.08108684916417,291.8689923551889,0.9465,2.0,0.008706999999999996,0.0,1.0,0.0,0.0,0.0,1.0,0.0,0.0,0.0,mnist,101,0.1,128.0,0.125
oracle_split,congested,0.9975,154.08108684916417,291.8689923551889,0.9465,2.0,0.008706999999999996,0.0,1.0,0.0,0.0,0.0,1.0,0.0,0.0,0.0,mnist,101,0.1,128.0,0.125
coda_split_controller,congested,0.9975,154.08108684916417,291.8689923551889,0.9465,2.0,0.008706999999999996,0.0,1.0,0.0,0.0,0.0,1.0,0.0,0.0,0.0,mnist,101,0.1,128.0,0.125
coda_controller,congested,0.9975,60.772600000000004,60.7726,0.0,0.0,0.030386000000000007,0.0,0.0,1.0,0.0,0.0,0.0,0.0,0.0,1.0,mnist,101,0.1,128.0,0.125
cloud_only,mixed,0.9975,360.250565498161,1041.8444275378313,0.977,128.0,0.06400000000000002,0.0,1.0,0.0,0.0,1.0,0.0,0.0,0.0,0.0,mnist,101,0.1,128.0,0.125
deadline_greedy,mixed,0.9975,196.1325037795255,534.3217717701694,0.8728333333333333,2.0,0.008706999999999996,0.0,1.0,0.0,0.0,0.0,1.0,0.0,0.0,0.0,mnist,101,0.1,128.0,0.125
oracle_split,mixed,0.9975,196.0479792844591,533.7666637376716,0.872,4.750166666666667,0.009923267166666664,0.0,1.0,0.0,0.0,0.021833333333333333,0.9773333333333334,0.0008333333333333334,0.0,0.0,mnist,101,0.1,128.0,0.125
coda_split_controller,mixed,0.9975,196.1325037795255,534.3217717701694,0.8728333333333333,2.0,0.008706999999999996,0.0,1.0,0.0,0.0,0.0,1.0,0.0,0.0,0.0,mnist,101,0.1,128.0,0.125
coda_controller,mixed,0.9975,60.772600000000004,60.7726,0.0,0.0,0.030386000000000007,0.0,0.0,1.0,0.0,0.0,0.0,0.0,0.0,1.0,mnist,101,0.1,128.0,0.125
cloud_only,wifi,0.9396666666666667,69.09062901895958,109.26918977139837,0.31183333333333335,128.0,0.06400000000000002,0.0,1.0,0.0,0.0,1.0,0.0,0.0,0.0,0.0,fashion_mnist,7,0.1,128.0,0.125
deadline_greedy,wifi,0.9396666666666667,56.545326266166576,94.72520025631258,0.14183333333333334,2.0,0.008706999999999996,0.0,1.0,0.0,0.0,0.0,1.0,0.0,0.0,0.0,fashion_mnist,7,0.1,128.0,0.125
oracle_split,wifi,0.9396666666666667,56.48550134442772,94.72520025631258,0.1415,6.347,0.010614608499999997,0.0,1.0,0.0,0.0,0.0345,0.9655,0.0,0.0,0.0,fashion_mnist,7,0.1,128.0,0.125
coda_split_controller,wifi,0.9396666666666667,56.545326266166576,94.72520025631258,0.14183333333333334,2.0,0.008706999999999996,0.0,1.0,0.0,0.0,0.0,1.0,0.0,0.0,0.0,fashion_mnist,7,0.1,128.0,0.125
coda_controller,wifi,0.9396666666666667,60.774431014322325,60.7726,0.0005,0.005333333333333333,0.030328189333333342,0.0,0.0026666666666666666,0.9973333333333333,0.0,0.0,0.0026666666666666666,0.0,0.0,0.9973333333333333,fashion_mnist,7,0.1,128.0,0.125
cloud_only,lte,0.9396666666666667,171.39090963522386,282.45149046068565,0.996,128.0,0.06400000000000002,0.0,1.0,0.0,0.0,1.0,0.0,0.0,0.0,0.0,fashion_mnist,7,0.1,128.0,0.125
deadline_greedy,lte,0.9396666666666667,93.44947653450487,152.87525983405655,0.6706666666666666,2.0,0.008706999999999996,0.0,1.0,0.0,0.0,0.0,1.0,0.0,0.0,0.0,fashion_mnist,7,0.1,128.0,0.125
oracle_split,lte,0.9396666666666667,93.44947653450487,152.87525983405655,0.6706666666666666,2.0,0.008706999999999996,0.0,1.0,0.0,0.0,0.0,1.0,0.0,0.0,0.0,fashion_mnist,7,0.1,128.0,0.125
coda_split_controller,lte,0.9396666666666667,93.44947653450487,152.87525983405655,0.6706666666666666,2.0,0.008706999999999996,0.0,1.0,0.0,0.0,0.0,1.0,0.0,0.0,0.0,fashion_mnist,7,0.1,128.0,0.125
coda_controller,lte,0.9396666666666667,60.772600000000004,60.7726,0.0,0.0,0.030386000000000007,0.0,0.0,1.0,0.0,0.0,0.0,0.0,0.0,1.0,fashion_mnist,7,0.1,128.0,0.125
cloud_only,congested,0.9396666666666667,428.4652916427377,855.6878916761285,0.9998333333333334,128.0,0.06400000000000002,0.0,1.0,0.0,0.0,1.0,0.0,0.0,0.0,0.0,fashion_mnist,7,0.1,128.0,0.125
deadline_greedy,congested,0.9396666666666667,153.87572088129306,299.027903745418,0.9256666666666666,2.0,0.008706999999999996,0.0,1.0,0.0,0.0,0.0,1.0,0.0,0.0,0.0,fashion_mnist,7,0.1,128.0,0.125
oracle_split,congested,0.9396666666666667,153.87572088129306,299.027903745418,0.9256666666666666,2.0,0.008706999999999996,0.0,1.0,0.0,0.0,0.0,1.0,0.0,0.0,0.0,fashion_mnist,7,0.1,128.0,0.125
coda_split_controller,congested,0.9396666666666667,153.87572088129306,299.027903745418,0.9256666666666666,2.0,0.008706999999999996,0.0,1.0,0.0,0.0,0.0,1.0,0.0,0.0,0.0,fashion_mnist,7,0.1,128.0,0.125
coda_controller,congested,0.9396666666666667,60.772600000000004,60.7726,0.0,0.0,0.030386000000000007,0.0,0.0,1.0,0.0,0.0,0.0,0.0,0.0,1.0,fashion_mnist,7,0.1,128.0,0.125
cloud_only,mixed,0.9396666666666667,365.60772455483647,1088.9783619378084,0.9698333333333333,128.0,0.06400000000000002,0.0,1.0,0.0,0.0,1.0,0.0,0.0,0.0,0.0,fashion_mnist,7,0.1,128.0,0.125
deadline_greedy,mixed,0.9396666666666667,198.2547177425866,542.1173020128455,0.8506666666666667,2.0,0.008706999999999996,0.0,1.0,0.0,0.0,0.0,1.0,0.0,0.0,0.0,fashion_mnist,7,0.1,128.0,0.125
oracle_split,mixed,0.9396666666666667,198.1741718723758,542.1173020128455,0.8495,4.54,0.009832919499999999,0.0,1.0,0.0,0.0,0.020166666666666666,0.9788333333333333,0.001,0.0,0.0,fashion_mnist,7,0.1,128.0,0.125
coda_split_controller,mixed,0.9396666666666667,198.2547177425866,542.1173020128455,0.8506666666666667,2.0,0.008706999999999996,0.0,1.0,0.0,0.0,0.0,1.0,0.0,0.0,0.0,fashion_mnist,7,0.1,128.0,0.125
coda_controller,mixed,0.9396666666666667,60.772600000000004,60.7726,0.0,0.0,0.030386000000000007,0.0,0.0,1.0,0.0,0.0,0.0,0.0,0.0,1.0,fashion_mnist,7,0.1,128.0,0.125
cloud_only,wifi,0.942,69.25601750236157,111.32984036905258,0.31233333333333335,128.0,0.06400000000000002,0.0,1.0,0.0,0.0,1.0,0.0,0.0,0.0,0.0,fashion_mnist,13,0.1,128.0,0.125
deadline_greedy,wifi,0.942,56.96201005109762,96.84082333882401,0.15416666666666667,2.0,0.008706999999999996,0.0,1.0,0.0,0.0,0.0,1.0,0.0,0.0,0.0,fashion_mnist,13,0.1,128.0,0.125
oracle_split,wifi,0.942,56.905446051762155,96.81763198410142,0.154,6.536,0.010697547999999998,0.0,1.0,0.0,0.0,0.036,0.964,0.0,0.0,0.0,fashion_mnist,13,0.1,128.0,0.125
coda_split_controller,wifi,0.942,56.96201005109762,96.84082333882401,0.15416666666666667,2.0,0.008706999999999996,0.0,1.0,0.0,0.0,0.0,1.0,0.0,0.0,0.0,fashion_mnist,13,0.1,128.0,0.125
coda_controller,wifi,0.942,60.76851505679476,60.7726,0.0005,0.006333333333333333,0.030317349833333337,0.0,0.0031666666666666666,0.9968333333333333,0.0,0.0,0.0031666666666666666,0.0,0.0,0.9968333333333333,fashion_mnist,13,0.1,128.0,0.125
cloud_only,lte,0.942,174.22187103587774,287.3118379175035,0.995,128.0,0.06400000000000002,0.0,1.0,0.0,0.0,1.0,0.0,0.0,0.0,0.0,fashion_mnist,13,0.1,128.0,0.125
deadline_greedy,lte,0.942,94.52303594763464,155.45229144677788,0.6805,2.0,0.008706999999999996,0.0,1.0,0.0,0.0,0.0,1.0,0.0,0.0,0.0,fashion_mnist,13,0.1,128.0,0.125
oracle_split,lte,0.942,94.5222343508613,155.45229144677788,0.6805,2.021,0.008716215499999997,0.0,1.0,0.0,0.0,0.00016666666666666666,0.9998333333333334,0.0,0.0,0.0,fashion_mnist,13,0.1,128.0,0.125
coda_split_controller,lte,0.942,94.52303594763464,155.45229144677788,0.6805,2.0,0.008706999999999996,0.0,1.0,0.0,0.0,0.0,1.0,0.0,0.0,0.0,fashion_mnist,13,0.1,128.0,0.125
coda_controller,lte,0.942,60.772600000000004,60.7726,0.0,0.0,0.030386000000000007,0.0,0.0,1.0,0.0,0.0,0.0,0.0,0.0,1.0,fashion_mnist,13,0.1,128.0,0.125
cloud_only,congested,0.942,421.35120828026146,860.6270842929209,1.0,128.0,0.06400000000000002,0.0,1.0,0.0,0.0,1.0,0.0,0.0,0.0,0.0,fashion_mnist,13,0.1,128.0,0.125
deadline_greedy,congested,0.942,152.5457091400353,292.503195060412,0.923,2.0,0.008706999999999996,0.0,1.0,0.0,0.0,0.0,1.0,0.0,0.0,0.0,fashion_mnist,13,0.1,128.0,0.125
oracle_split,congested,0.942,152.5457091400353,292.503195060412,0.923,2.0,0.008706999999999996,0.0,1.0,0.0,0.0,0.0,1.0,0.0,0.0,0.0,fashion_mnist,13,0.1,128.0,0.125
coda_split_controller,congested,0.942,152.5457091400353,292.503195060412,0.923,2.0,0.008706999999999996,0.0,1.0,0.0,0.0,0.0,1.0,0.0,0.0,0.0,fashion_mnist,13,0.1,128.0,0.125
coda_controller,congested,0.942,60.772600000000004,60.7726,0.0,0.0,0.030386000000000007,0.0,0.0,1.0,0.0,0.0,0.0,0.0,0.0,1.0,fashion_mnist,13,0.1,128.0,0.125
cloud_only,mixed,0.942,368.0027549951136,1077.4015594978953,0.9721666666666666,128.0,0.06400000000000002,0.0,1.0,0.0,0.0,1.0,0.0,0.0,0.0,0.0,fashion_mnist,13,0.1,128.0,0.125
deadline_greedy,mixed,0.942,201.27170840698503,560.3401147811368,0.84,2.0,0.008706999999999996,0.0,1.0,0.0,0.0,0.0,1.0,0.0,0.0,0.0,fashion_mnist,13,0.1,128.0,0.125
oracle_split,mixed,0.942,201.20041654415087,560.3401147811368,0.8396666666666667,4.457,0.009785213499999997,0.0,1.0,0.0,0.0,0.0195,0.9805,0.0,0.0,0.0,fashion_mnist,13,0.1,128.0,0.125
coda_split_controller,mixed,0.942,201.27170840698503,560.3401147811368,0.84,2.0,0.008706999999999996,0.0,1.0,0.0,0.0,0.0,1.0,0.0,0.0,0.0,fashion_mnist,13,0.1,128.0,0.125
coda_controller,mixed,0.942,60.772600000000004,60.7726,0.0,0.0,0.030386000000000007,0.0,0.0,1.0,0.0,0.0,0.0,0.0,0.0,1.0,fashion_mnist,13,0.1,128.0,0.125
cloud_only,wifi,0.9465,68.4273170196318,109.3102178488445,0.29983333333333334,128.0,0.06400000000000002,0.0,1.0,0.0,0.0,1.0,0.0,0.0,0.0,0.0,fashion_mnist,29,0.1,128.0,0.125
deadline_greedy,wifi,0.9465,55.954490568012694,93.53489607677648,0.14266666666666666,2.0,0.008706999999999996,0.0,1.0,0.0,0.0,0.0,1.0,0.0,0.0,0.0,fashion_mnist,29,0.1,128.0,0.125
oracle_split,wifi,0.9465,55.90218908168628,93.53386232351122,0.1425,5.864,0.010402651999999997,0.0,1.0,0.0,0.0,0.030666666666666665,0.9693333333333334,0.0,0.0,0.0,fashion_mnist,29,0.1,128.0,0.125
coda_split_controller,wifi,0.9465,55.954490568012694,93.53489607677648,0.14266666666666666,2.0,0.008706999999999996,0.0,1.0,0.0,0.0,0.0,1.0,0.0,0.0,0.0,fashion_mnist,29,0.1,128.0,0.125
coda_controller,wifi,0.9465,60.73694957229596,60.7726,0.0015,0.017333333333333333,0.030198115333333338,0.0,0.008666666666666666,0.9913333333333333,0.0,0.0,0.008666666666666666,0.0,0.0,0.9913333333333333,fashion_mnist,29,0.1,128.0,0.125
cloud_only,lte,0.9465,170.36402806665149,279.9517512862725,0.9946666666666667,128.0,0.06400000000000002,0.0,1.0,0.0,0.0,1.0,0.0,0.0,0.0,0.0,fashion_mnist,29,0.1,128.0,0.125
deadline_greedy,lte,0.9465,92.6227918834443,147.4401672133423,0.6735,2.0,0.008706999999999996,0.0,1.0,0.0,0.0,0.0,1.0,0.0,0.0,0.0,fashion_mnist,29,0.1,128.0,0.125
oracle_split,lte,0.9465,92.62257103870235,147.4401672133423,0.6735,2.021,0.008716215499999997,0.0,1.0,0.0,0.0,0.00016666666666666666,0.9998333333333334,0.0,0.0,0.0,fashion_mnist,29,0.1,128.0,0.125
coda_split_controller,lte,0.9465,92.6227918834443,147.4401672133423,0.6735,2.0,0.008706999999999996,0.0,1.0,0.0,0.0,0.0,1.0,0.0,0.0,0.0,fashion_mnist,29,0.1,128.0,0.125
coda_controller,lte,0.9465,60.772600000000004,60.7726,0.0,0.0,0.030386000000000007,0.0,0.0,1.0,0.0,0.0,0.0,0.0,0.0,1.0,fashion_mnist,29,0.1,128.0,0.125
cloud_only,congested,0.9465,420.54069150319,859.6880293158582,0.9998333333333334,128.0,0.06400000000000002,0.0,1.0,0.0,0.0,1.0,0.0,0.0,0.0,0.0,fashion_mnist,29,0.1,128.0,0.125
deadline_greedy,congested,0.9465,152.40023452282662,290.8373984347263,0.9306666666666666,2.0,0.008706999999999996,0.0,1.0,0.0,0.0,0.0,1.0,0.0,0.0,0.0,fashion_mnist,29,0.1,128.0,0.125
oracle_split,congested,0.9465,152.40003368344787,290.8373984347263,0.9306666666666666,1.9998333333333334,0.00870880733333333,0.0,1.0,0.0,0.0,0.0,0.9998333333333334,0.00016666666666666666,0.0,0.0,fashion_mnist,29,0.1,128.0,0.125
coda_split_controller,congested,0.9465,152.40023452282662,290.8373984347263,0.9306666666666666,2.0,0.008706999999999996,0.0,1.0,0.0,0.0,0.0,1.0,0.0,0.0,0.0,fashion_mnist,29,0.1,128.0,0.125
coda_controller,congested,0.9465,60.772600000000004,60.7726,0.0,0.0,0.030386000000000007,0.0,0.0,1.0,0.0,0.0,0.0,0.0,0.0,1.0,fashion_mnist,29,0.1,128.0,0.125
cloud_only,mixed,0.9465,381.2934128920944,1106.6860223307788,0.9748333333333333,128.0,0.06400000000000002,0.0,1.0,0.0,0.0,1.0,0.0,0.0,0.0,0.0,fashion_mnist,29,0.1,128.0,0.125
deadline_greedy,mixed,0.9465,204.44751317836534,544.225562709119,0.8595,2.0,0.008706999999999996,0.0,1.0,0.0,0.0,0.0,1.0,0.0,0.0,0.0,fashion_mnist,29,0.1,128.0,0.125
oracle_split,mixed,0.9465,204.36107446530633,544.225562709119,0.859,4.791833333333333,0.00994531283333333,0.0,1.0,0.0,0.0,0.022166666666666668,0.9766666666666667,0.0011666666666666668,0.0,0.0,fashion_mnist,29,0.1,128.0,0.125
coda_split_controller,mixed,0.9465,204.44751317836534,544.225562709119,0.8595,2.0,0.008706999999999996,0.0,1.0,0.0,0.0,0.0,1.0,0.0,0.0,0.0,fashion_mnist,29,0.1,128.0,0.125
coda_controller,mixed,0.9465,60.772600000000004,60.7726,0.0,0.0,0.030386000000000007,0.0,0.0,1.0,0.0,0.0,0.0,0.0,0.0,1.0,fashion_mnist,29,0.1,128.0,0.125
cloud_only,wifi,0.9405,68.78050080985945,109.03592755059805,0.309,128.0,0.06400000000000002,0.0,1.0,0.0,0.0,1.0,0.0,0.0,0.0,0.0,fashion_mnist,42,0.1,128.0,0.125
deadline_greedy,wifi,0.9405,56.35547006962776,94.1727016682551,0.14066666666666666,2.0,0.008706999999999996,0.0,1.0,0.0,0.0,0.0,1.0,0.0,0.0,0.0,fashion_mnist,42,0.1,128.0,0.125
oracle_split,wifi,0.9405,56.313416680352745,94.1727016682551,0.14066666666666666,5.717,0.010338143499999996,0.0,1.0,0.0,0.0,0.0295,0.9705,0.0,0.0,0.0,fashion_mnist,42,0.1,128.0,0.125
coda_split_controller,wifi,0.9405,56.35547006962776,94.1727016682551,0.14066666666666666,2.0,0.008706999999999996,0.0,1.0,0.0,0.0,0.0,1.0,0.0,0.0,0.0,fashion_mnist,42,0.1,128.0,0.125
coda_controller,wifi,0.9405,60.7640263006887,60.7726,0.0006666666666666666,0.006666666666666667,0.03031373666666667,0.0,0.0033333333333333335,0.9966666666666667,0.0,0.0,0.0033333333333333335,0.0,0.0,0.9966666666666667,fashion_mnist,42,0.1,128.0,0.125
cloud_only,lte,0.9405,170.66820492804172,281.53169558307167,0.9948333333333333,128.0,0.06400000000000002,0.0,1.0,0.0,0.0,1.0,0.0,0.0,0.0,0.0,fashion_mnist,42,0.1,128.0,0.125
deadline_greedy,lte,0.9405,92.98808442708473,151.99746505977583,0.6713333333333333,2.0,0.008706999999999996,0.0,1.0,0.0,0.0,0.0,1.0,0.0,0.0,0.0,fashion_mnist,42,0.1,128.0,0.125
oracle_split,lte,0.9405,92.9873571417149,151.99746505977583,0.6713333333333333,2.042,0.008725430999999997,0.0,1.0,0.0,0.0,0.0003333333333333333,0.9996666666666667,0.0,0.0,0.0,fashion_mnist,42,0.1,128.0,0.125
coda_split_controller,lte,0.9405,92.98808442708473,151.99746505977583,0.6713333333333333,2.0,0.008706999999999996,0.0,1.0,0.0,0.0,0.0,1.0,0.0,0.0,0.0,fashion_mnist,42,0.1,128.0,0.125
coda_controller,lte,0.9405,60.772600000000004,60.7726,0.0,0.0,0.030386000000000007,0.0,0.0,1.0,0.0,0.0,0.0,0.0,0.0,1.0,fashion_mnist,42,0.1,128.0,0.125
cloud_only,congested,0.9405,425.2162095005773,875.1847972354025,0.9998333333333334,128.0,0.06400000000000002,0.0,1.0,0.0,0.0,1.0,0.0,0.0,0.0,0.0,fashion_mnist,42,0.1,128.0,0.125
deadline_greedy,congested,0.9405,153.45716427157808,290.82398874580167,0.9268333333333333,2.0,0.008706999999999996,0.0,1.0,0.0,0.0,0.0,1.0,0.0,0.0,0.0,fashion_mnist,42,0.1,128.0,0.125
oracle_split,congested,0.9405,153.45716427157808,290.82398874580167,0.9268333333333333,2.0,0.008706999999999996,0.0,1.0,0.0,0.0,0.0,1.0,0.0,0.0,0.0,fashion_mnist,42,0.1,128.0,0.125
coda_split_controller,congested,0.9405,153.45716427157808,290.82398874580167,0.9268333333333333,2.0,0.008706999999999996,0.0,1.0,0.0,0.0,0.0,1.0,0.0,0.0,0.0,fashion_mnist,42,0.1,128.0,0.125
coda_controller,congested,0.9405,60.772600000000004,60.7726,0.0,0.0,0.030386000000000007,0.0,0.0,1.0,0.0,0.0,0.0,0.0,0.0,1.0,fashion_mnist,42,0.1,128.0,0.125
cloud_only,mixed,0.9405,361.04574202159785,1032.2831924164989,0.9693333333333334,128.0,0.06400000000000002,0.0,1.0,0.0,0.0,1.0,0.0,0.0,0.0,0.0,fashion_mnist,42,0.1,128.0,0.125
deadline_greedy,mixed,0.9405,194.2878551130603,517.7275467191392,0.8438333333333333,2.0,0.008706999999999996,0.0,1.0,0.0,0.0,0.0,1.0,0.0,0.0,0.0,fashion_mnist,42,0.1,128.0,0.125
oracle_split,mixed,0.9405,194.2095741167874,517.7275467191392,0.8428333333333333,4.666,0.009888212499999997,0.0,1.0,0.0,0.0,0.021166666666666667,0.9778333333333333,0.001,0.0,0.0,fashion_mnist,42,0.1,128.0,0.125
coda_split_controller,mixed,0.9405,194.2878551130603,517.7275467191392,0.8438333333333333,2.0,0.008706999999999996,0.0,1.0,0.0,0.0,0.0,1.0,0.0,0.0,0.0,fashion_mnist,42,0.1,128.0,0.125
coda_controller,mixed,0.9405,60.772600000000004,60.7726,0.0,0.0,0.030386000000000007,0.0,0.0,1.0,0.0,0.0,0.0,0.0,0.0,1.0,fashion_mnist,42,0.1,128.0,0.125
cloud_only,wifi,0.9416666666666667,69.80870092438983,111.46259695912798,0.3255,128.0,0.06400000000000002,0.0,1.0,0.0,0.0,1.0,0.0,0.0,0.0,0.0,fashion_mnist,101,0.1,128.0,0.125
deadline_greedy,wifi,0.9416666666666667,57.24333887362272,96.65083914427609,0.158,2.0,0.008706999999999996,0.0,1.0,0.0,0.0,0.0,1.0,0.0,0.0,0.0,fashion_mnist,101,0.1,128.0,0.125
oracle_split,wifi,0.9416666666666667,57.189459060012865,96.65083914427609,0.15766666666666668,6.074,0.010494806999999997,0.0,1.0,0.0,0.0,0.03233333333333333,0.9676666666666667,0.0,0.0,0.0,fashion_mnist,101,0.1,128.0,0.125
coda_split_controller,wifi,0.9416666666666667,57.24333887362272,96.65083914427609,0.158,2.0,0.008706999999999996,0.0,1.0,0.0,0.0,0.0,1.0,0.0,0.0,0.0,fashion_mnist,101,0.1,128.0,0.125
coda_controller,wifi,0.9416666666666667,60.76613296957376,60.7726,0.0005,0.005333333333333333,0.030328189333333342,0.0,0.0026666666666666666,0.9973333333333333,0.0,0.0,0.0026666666666666666,0.0,0.0,0.9973333333333333,fashion_mnist,101,0.1,128.0,0.125
cloud_only,lte,0.9416666666666667,172.62134790981852,285.38197227732866,0.9955,128.0,0.06400000000000002,0.0,1.0,0.0,0.0,1.0,0.0,0.0,0.0,0.0,fashion_mnist,101,0.1,128.0,0.125
deadline_greedy,lte,0.9416666666666667,94.18327552529043,155.37148865881045,0.6803333333333333,2.0,0.008706999999999996,0.0,1.0,0.0,0.0,0.0,1.0,0.0,0.0,0.0,fashion_mnist,101,0.1,128.0,0.125
oracle_split,lte,0.9416666666666667,94.18285359669673,155.37148865881045,0.6803333333333333,2.021,0.008716215499999997,0.0,1.0,0.0,0.0,0.00016666666666666666,0.9998333333333334,0.0,0.0,0.0,fashion_mnist,101,0.1,128.0,0.125
coda_split_controller,lte,0.9416666666666667,94.18327552529043,155.37148865881045,0.6803333333333333,2.0,0.008706999999999996,0.0,1.0,0.0,0.0,0.0,1.0,0.0,0.0,0.0,fashion_mnist,101,0.1,128.0,0.125
coda_controller,lte,0.9416666666666667,60.772600000000004,60.7726,0.0,0.0,0.030386000000000007,0.0,0.0,1.0,0.0,0.0,0.0,0.0,0.0,1.0,fashion_mnist,101,0.1,128.0,0.125
cloud_only,congested,0.9416666666666667,419.3958049431283,856.8501035100502,1.0,128.0,0.06400000000000002,0.0,1.0,0.0,0.0,1.0,0.0,0.0,0.0,0.0,fashion_mnist,101,0.1,128.0,0.125
deadline_greedy,congested,0.9416666666666667,155.17594837915175,302.36246665556223,0.9261666666666667,2.0,0.008706999999999996,0.0,1.0,0.0,0.0,0.0,1.0,0.0,0.0,0.0,fashion_mnist,101,0.1,128.0,0.125
oracle_split,congested,0.9416666666666667,155.17594837915175,302.36246665556223,0.9261666666666667,2.0,0.008706999999999996,0.0,1.0,0.0,0.0,0.0,1.0,0.0,0.0,0.0,fashion_mnist,101,0.1,128.0,0.125
coda_split_controller,congested,0.9416666666666667,155.17594837915175,302.36246665556223,0.9261666666666667,2.0,0.008706999999999996,0.0,1.0,0.0,0.0,0.0,1.0,0.0,0.0,0.0,fashion_mnist,101,0.1,128.0,0.125
coda_controller,congested,0.9416666666666667,60.772600000000004,60.7726,0.0,0.0,0.030386000000000007,0.0,0.0,1.0,0.0,0.0,0.0,0.0,0.0,1.0,fashion_mnist,101,0.1,128.0,0.125
cloud_only,mixed,0.9416666666666667,360.7171650951584,1068.372539852895,0.9703333333333334,128.0,0.06400000000000002,0.0,1.0,0.0,0.0,1.0,0.0,0.0,0.0,0.0,fashion_mnist,101,0.1,128.0,0.125
deadline_greedy,mixed,0.9416666666666667,196.72386913465667,532.5861043622178,0.8418333333333333,2.0,0.008706999999999996,0.0,1.0,0.0,0.0,0.0,1.0,0.0,0.0,0.0,fashion_mnist,101,0.1,128.0,0.125
oracle_split,mixed,0.9416666666666667,196.63627576423087,532.5861043622178,0.8403333333333334,4.750166666666667,0.009923267166666664,0.0,1.0,0.0,0.0,0.021833333333333333,0.9773333333333334,0.0008333333333333334,0.0,0.0,fashion_mnist,101,0.1,128.0,0.125
coda_split_controller,mixed,0.9416666666666667,196.72386913465667,532.5861043622178,0.8418333333333333,2.0,0.008706999999999996,0.0,1.0,0.0,0.0,0.0,1.0,0.0,0.0,0.0,fashion_mnist,101,0.1,128.0,0.125
coda_controller,mixed,0.9416666666666667,60.772600000000004,60.7726,0.0,0.0,0.030386000000000007,0.0,0.0,1.0,0.0,0.0,0.0,0.0,0.0,1.0,fashion_mnist,101,0.1,128.0,0.125
cloud_only,wifi,0.884,125.43258830475818,187.53234022955607,0.9721666666666666,384.0,0.192,0.0,1.0,0.0,0.0,1.0,0.0,0.0,0.0,0.0,cifar10,7,0.1,128.0,0.125
deadline_greedy,wifi,0.884,57.119631576471825,95.94173381396587,0.153,2.0,0.008943000000000001,0.0,1.0,0.0,0.0,0.0,1.0,0.0,0.0,0.0,cifar10,7,0.1,128.0,0.125
oracle_split,wifi,0.884,57.119631576471825,95.94173381396587,0.153,2.0,0.008943000000000001,0.0,1.0,0.0,0.0,0.0,1.0,0.0,0.0,0.0,cifar10,7,0.1,128.0,0.125
coda_split_controller,wifi,0.884,57.119631576471825,95.94173381396587,0.153,2.0,0.008943000000000001,0.0,1.0,0.0,0.0,0.0,1.0,0.0,0.0,0.0,cifar10,7,0.1,128.0,0.125
coda_controller,wifi,0.884,61.228342017867334,61.2444,0.0011666666666666668,0.012333333333333333,0.03048831283333333,0.0,0.006166666666666667,0.9938333333333333,0.0,0.0,0.006166666666666667,0.0,0.0,0.9938333333333333,cifar10,7,0.1,128.0,0.125
cloud_only,lte,0.884,361.94162004401517,623.6860091169467,1.0,384.0,0.192,0.0,1.0,0.0,0.0,1.0,0.0,0.0,0.0,0.0,cifar10,7,0.1,128.0,0.125
deadline_greedy,lte,0.884,93.02757615532443,147.615928792826,0.676,2.0,0.008943000000000001,0.0,1.0,0.0,0.0,0.0,1.0,0.0,0.0,0.0,cifar10,7,0.1,128.0,0.125
oracle_split,lte,0.884,93.02757615532443,147.615928792826,0.676,2.0,0.008943000000000001,0.0,1.0,0.0,0.0,0.0,1.0,0.0,0.0,0.0,cifar10,7,0.1,128.0,0.125
coda_split_controller,lte,0.884,93.02757615532443,147.615928792826,0.676,2.0,0.008943000000000001,0.0,1.0,0.0,0.0,0.0,1.0,0.0,0.0,0.0,cifar10,7,0.1,128.0,0.125
coda_controller,lte,0.884,61.244400000000006,61.2444,0.0,0.0,0.030621999999999996,0.0,0.0,1.0,0.0,0.0,0.0,0.0,0.0,1.0,cifar10,7,0.1,128.0,0.125
cloud_only,congested,0.884,996.201632991569,2165.5022672919013,1.0,384.0,0.192,0.0,1.0,0.0,0.0,1.0,0.0,0.0,0.0,0.0,cifar10,7,0.1,128.0,0.125
deadline_greedy,congested,0.884,153.1771606655182,300.2939121375878,0.9328333333333333,2.0,0.008943000000000001,0.0,1.0,0.0,0.0,0.0,1.0,0.0,0.0,0.0,cifar10,7,0.1,128.0,0.125
oracle_split,congested,0.884,153.1771606655182,300.2939121375878,0.9328333333333333,2.0,0.008943000000000001,0.0,1.0,0.0,0.0,0.0,1.0,0.0,0.0,0.0,cifar10,7,0.1,128.0,0.125
coda_split_controller,congested,0.884,153.1771606655182,300.2939121375878,0.9328333333333333,2.0,0.008943000000000001,0.0,1.0,0.0,0.0,0.0,1.0,0.0,0.0,0.0,cifar10,7,0.1,128.0,0.125
coda_controller,congested,0.884,61.244400000000006,61.2444,0.0,0.0,0.030621999999999996,0.0,0.0,1.0,0.0,0.0,0.0,0.0,0.0,1.0,cifar10,7,0.1,128.0,0.125
cloud_only,mixed,0.884,661.7528264297836,1976.5850803329267,0.9981666666666666,384.0,0.192,0.0,1.0,0.0,0.0,1.0,0.0,0.0,0.0,0.0,cifar10,7,0.1,128.0,0.125
deadline_greedy,mixed,0.884,183.08007250239925,491.9682451971903,0.8433333333333334,2.0,0.008943000000000001,0.0,1.0,0.0,0.0,0.0,1.0,0.0,0.0,0.0,cifar10,7,0.1,128.0,0.125
oracle_split,mixed,0.884,183.07932049469926,491.9682451971903,0.8433333333333334,2.127,0.009007633666666667,0.0,1.0,0.0,0.0,0.0003333333333333333,0.9993333333333333,0.0003333333333333333,0.0,0.0,cifar10,7,0.1,128.0,0.125
coda_split_controller,mixed,0.884,183.08007250239925,491.9682451971903,0.8433333333333334,2.0,0.008943000000000001,0.0,1.0,0.0,0.0,0.0,1.0,0.0,0.0,0.0,cifar10,7,0.1,128.0,0.125
coda_controller,mixed,0.884,61.244400000000006,61.2444,0.0,0.0,0.030621999999999996,0.0,0.0,1.0,0.0,0.0,0.0,0.0,0.0,1.0,cifar10,7,0.1,128.0,0.125
cloud_only,wifi,0.8795,125.71990668707356,186.09331191172382,0.9741666666666666,384.0,0.192,0.0,1.0,0.0,0.0,1.0,0.0,0.0,0.0,0.0,cifar10,13,0.1,128.0,0.125
deadline_greedy,wifi,0.8795,57.0247755115944,96.98509231865913,0.14833333333333334,2.0,0.008943000000000001,0.0,1.0,0.0,0.0,0.0,1.0,0.0,0.0,0.0,cifar10,13,0.1,128.0,0.125
oracle_split,wifi,0.8795,57.0247755115944,96.98509231865913,0.14833333333333334,2.0,0.008943000000000001,0.0,1.0,0.0,0.0,0.0,1.0,0.0,0.0,0.0,cifar10,13,0.1,128.0,0.125
coda_split_controller,wifi,0.8795,57.0247755115944,96.98509231865913,0.14833333333333334,2.0,0.008943000000000001,0.0,1.0,0.0,0.0,0.0,1.0,0.0,0.0,0.0,cifar10,13,0.1,128.0,0.125
coda_controller,wifi,0.8795,61.20927262385997,61.2444,0.001,0.01633333333333333,0.030444954833333326,0.0,0.008166666666666666,0.9918333333333333,0.0,0.0,0.008166666666666666,0.0,0.0,0.9918333333333333,cifar10,13,0.1,128.0,0.125
cloud_only,lte,0.8795,362.56712526029946,625.173856281863,1.0,384.0,0.192,0.0,1.0,0.0,0.0,1.0,0.0,0.0,0.0,0.0,cifar10,13,0.1,128.0,0.125
deadline_greedy,lte,0.8795,93.61830613889914,148.64907328210126,0.6768333333333333,2.0,0.008943000000000001,0.0,1.0,0.0,0.0,0.0,1.0,0.0,0.0,0.0,cifar10,13,0.1,128.0,0.125
oracle_split,lte,0.8795,93.61830613889914,148.64907328210126,0.6768333333333333,2.0,0.008943000000000001,0.0,1.0,0.0,0.0,0.0,1.0,0.0,0.0,0.0,cifar10,13,0.1,128.0,0.125
coda_split_controller,lte,0.8795,93.61830613889914,148.64907328210126,0.6768333333333333,2.0,0.008943000000000001,0.0,1.0,0.0,0.0,0.0,1.0,0.0,0.0,0.0,cifar10,13,0.1,128.0,0.125
coda_controller,lte,0.8795,61.244400000000006,61.2444,0.0,0.0,0.030621999999999996,0.0,0.0,1.0,0.0,0.0,0.0,0.0,0.0,1.0,cifar10,13,0.1,128.0,0.125
cloud_only,congested,0.8795,987.3030878611854,2151.920367703844,1.0,384.0,0.192,0.0,1.0,0.0,0.0,1.0,0.0,0.0,0.0,0.0,cifar10,13,0.1,128.0,0.125
deadline_greedy,congested,0.8795,153.2308685615597,292.1067687568567,0.9278333333333333,2.0,0.008943000000000001,0.0,1.0,0.0,0.0,0.0,1.0,0.0,0.0,0.0,cifar10,13,0.1,128.0,0.125
oracle_split,congested,0.8795,153.2308685615597,292.1067687568567,0.9278333333333333,2.0,0.008943000000000001,0.0,1.0,0.0,0.0,0.0,1.0,0.0,0.0,0.0,cifar10,13,0.1,128.0,0.125
coda_split_controller,congested,0.8795,153.2308685615597,292.1067687568567,0.9278333333333333,2.0,0.008943000000000001,0.0,1.0,0.0,0.0,0.0,1.0,0.0,0.0,0.0,cifar10,13,0.1,128.0,0.125
coda_controller,congested,0.8795,61.244400000000006,61.2444,0.0,0.0,0.030621999999999996,0.0,0.0,1.0,0.0,0.0,0.0,0.0,0.0,1.0,cifar10,13,0.1,128.0,0.125
cloud_only,mixed,0.8795,683.6838416307269,2010.2214558869498,0.9978333333333333,384.0,0.192,0.0,1.0,0.0,0.0,1.0,0.0,0.0,0.0,0.0,cifar10,13,0.1,128.0,0.125
deadline_greedy,mixed,0.8795,191.43936640220852,507.0570658542272,0.8443333333333334,2.0,0.008943000000000001,0.0,1.0,0.0,0.0,0.0,1.0,0.0,0.0,0.0,cifar10,13,0.1,128.0,0.125
oracle_split,mixed,0.8795,191.43900712481224,507.0570658542272,0.8443333333333334,2.0633333333333335,0.008977124166666668,0.0,1.0,0.0,0.0,0.00016666666666666666,0.9995,0.0003333333333333333,0.0,0.0,cifar10,13,0.1,128.0,0.125
coda_split_controller,mixed,0.8795,191.43936640220852,507.0570658542272,0.8443333333333334,2.0,0.008943000000000001,0.0,1.0,0.0,0.0,0.0,1.0,0.0,0.0,0.0,cifar10,13,0.1,128.0,0.125
coda_controller,mixed,0.8795,61.244400000000006,61.2444,0.0,0.0,0.030621999999999996,0.0,0.0,1.0,0.0,0.0,0.0,0.0,0.0,1.0,cifar10,13,0.1,128.0,0.125
cloud_only,wifi,0.8801666666666667,125.72787092506148,183.31379856674172,0.9791666666666666,384.0,0.192,0.0,1.0,0.0,0.0,1.0,0.0,0.0,0.0,0.0,cifar10,29,0.1,128.0,0.125
deadline_greedy,wifi,0.8801666666666667,57.133041989525175,94.72098666617394,0.15316666666666667,2.0,0.008943000000000001,0.0,1.0,0.0,0.0,0.0,1.0,0.0,0.0,0.0,cifar10,29,0.1,128.0,0.125
oracle_split,wifi,0.8801666666666667,57.133041989525175,94.72098666617394,0.15316666666666667,2.0,0.008943000000000001,0.0,1.0,0.0,0.0,0.0,1.0,0.0,0.0,0.0,cifar10,29,0.1,128.0,0.125
coda_split_controller,wifi,0.8801666666666667,57.133041989525175,94.72098666617394,0.15316666666666667,2.0,0.008943000000000001,0.0,1.0,0.0,0.0,0.0,1.0,0.0,0.0,0.0,cifar10,29,0.1,128.0,0.125
coda_controller,wifi,0.8801666666666667,61.13918563805833,61.2444,0.003,0.036333333333333336,0.030228164833333328,0.0,0.018166666666666668,0.9818333333333333,0.0,0.0,0.018166666666666668,0.0,0.0,0.9818333333333333,cifar10,29,0.1,128.0,0.125
cloud_only,lte,0.8801666666666667,361.36013011924047,627.0922292200744,1.0,384.0,0.192,0.0,1.0,0.0,0.0,1.0,0.0,0.0,0.0,0.0,cifar10,29,0.1,128.0,0.125
deadline_greedy,lte,0.8801666666666667,93.49737489674035,150.59031047249175,0.68,2.0,0.008943000000000001,0.0,1.0,0.0,0.0,0.0,1.0,0.0,0.0,0.0,cifar10,29,0.1,128.0,0.125
oracle_split,lte,0.8801666666666667,93.49737489674035,150.59031047249175,0.68,2.0,0.008943000000000001,0.0,1.0,0.0,0.0,0.0,1.0,0.0,0.0,0.0,cifar10,29,0.1,128.0,0.125
coda_split_controller,lte,0.8801666666666667,93.49737489674035,150.59031047249175,0.68,2.0,0.008943000000000001,0.0,1.0,0.0,0.0,0.0,1.0,0.0,0.0,0.0,cifar10,29,0.1,128.0,0.125
coda_controller,lte,0.8801666666666667,61.244400000000006,61.2444,0.0,0.0,0.030621999999999996,0.0,0.0,1.0,0.0,0.0,0.0,0.0,0.0,1.0,cifar10,29,0.1,128.0,0.125
cloud_only,congested,0.8801666666666667,1000.8962949960629,2208.3513180976042,1.0,384.0,0.192,0.0,1.0,0.0,0.0,1.0,0.0,0.0,0.0,0.0,cifar10,29,0.1,128.0,0.125
deadline_greedy,congested,0.8801666666666667,154.83202227778798,301.6749702182076,0.9345,2.0,0.008943000000000001,0.0,1.0,0.0,0.0,0.0,1.0,0.0,0.0,0.0,cifar10,29,0.1,128.0,0.125
oracle_split,congested,0.8801666666666667,154.83195478536834,301.6749702182076,0.9345,1.9998333333333334,0.008944807333333334,0.0,1.0,0.0,0.0,0.0,0.9998333333333334,0.00016666666666666666,0.0,0.0,cifar10,29,0.1,128.0,0.125
coda_split_controller,congested,0.8801666666666667,154.83202227778798,301.6749702182076,0.9345,2.0,0.008943000000000001,0.0,1.0,0.0,0.0,0.0,1.0,0.0,0.0,0.0,cifar10,29,0.1,128.0,0.125
coda_controller,congested,0.8801666666666667,61.244400000000006,61.2444,0.0,0.0,0.030621999999999996,0.0,0.0,1.0,0.0,0.0,0.0,0.0,0.0,1.0,cifar10,29,0.1,128.0,0.125
cloud_only,mixed,0.8801666666666667,735.5815787023331,2274.94820419256,0.9973333333333333,384.0,0.192,0.0,1.0,0.0,0.0,1.0,0.0,0.0,0.0,0.0,cifar10,29,0.1,128.0,0.125
deadline_greedy,mixed,0.8801666666666667,197.09095458803202,514.6533468248449,0.8526666666666667,2.0,0.008943000000000001,0.0,1.0,0.0,0.0,0.0,1.0,0.0,0.0,0.0,cifar10,29,0.1,128.0,0.125
oracle_split,mixed,0.8801666666666667,197.08926747149167,514.6533468248449,0.8526666666666667,2.1271666666666667,0.009005826333333335,0.0,1.0,0.0,0.0,0.0003333333333333333,0.9995,0.00016666666666666666,0.0,0.0,cifar10,29,0.1,128.0,0.125
coda_split_controller,mixed,0.8801666666666667,197.09095458803202,514.6533468248449,0.8526666666666667,2.0,0.008943000000000001,0.0,1.0,0.0,0.0,0.0,1.0,0.0,0.0,0.0,cifar10,29,0.1,128.0,0.125
coda_controller,mixed,0.8801666666666667,61.244400000000006,61.2444,0.0,0.0,0.030621999999999996,0.0,0.0,1.0,0.0,0.0,0.0,0.0,0.0,1.0,cifar10,29,0.1,128.0,0.125
cloud_only,wifi,0.8778333333333334,125.22832651728845,186.45853022734752,0.9723333333333334,384.0,0.192,0.0,1.0,0.0,0.0,1.0,0.0,0.0,0.0,0.0,cifar10,42,0.1,128.0,0.125
deadline_greedy,wifi,0.8778333333333334,57.03983885913321,95.28120443602123,0.15433333333333332,2.0,0.008943000000000001,0.0,1.0,0.0,0.0,0.0,1.0,0.0,0.0,0.0,cifar10,42,0.1,128.0,0.125
oracle_split,wifi,0.8778333333333334,57.03983885913321,95.28120443602123,0.15433333333333332,2.0,0.008943000000000001,0.0,1.0,0.0,0.0,0.0,1.0,0.0,0.0,0.0,cifar10,42,0.1,128.0,0.125
coda_split_controller,wifi,0.8778333333333334,57.03983885913321,95.28120443602123,0.15433333333333332,2.0,0.008943000000000001,0.0,1.0,0.0,0.0,0.0,1.0,0.0,0.0,0.0,cifar10,42,0.1,128.0,0.125
coda_controller,wifi,0.8778333333333334,61.17062736804414,61.2444,0.0023333333333333335,0.02666666666666667,0.030332946666666662,0.0,0.013333333333333334,0.9866666666666667,0.0,0.0,0.013333333333333334,0.0,0.0,0.9866666666666667,cifar10,42,0.1,128.0,0.125
cloud_only,lte,0.8778333333333334,361.8449804695514,620.3060374411109,1.0,384.0,0.192,0.0,1.0,0.0,0.0,1.0,0.0,0.0,0.0,0.0,cifar10,42,0.1,128.0,0.125
deadline_greedy,lte,0.8778333333333334,93.50893663237542,150.12105269343755,0.6861666666666667,2.0,0.008943000000000001,0.0,1.0,0.0,0.0,0.0,1.0,0.0,0.0,0.0,cifar10,42,0.1,128.0,0.125
oracle_split,lte,0.8778333333333334,93.50893663237542,150.12105269343755,0.6861666666666667,2.0,0.008943000000000001,0.0,1.0,0.0,0.0,0.0,1.0,0.0,0.0,0.0,cifar10,42,0.1,128.0,0.125
coda_split_controller,lte,0.8778333333333334,93.50893663237542,150.12105269343755,0.6861666666666667,2.0,0.008943000000000001,0.0,1.0,0.0,0.0,0.0,1.0,0.0,0.0,0.0,cifar10,42,0.1,128.0,0.125
coda_controller,lte,0.8778333333333334,61.244400000000006,61.2444,0.0,0.0,0.030621999999999996,0.0,0.0,1.0,0.0,0.0,0.0,0.0,0.0,1.0,cifar10,42,0.1,128.0,0.125
cloud_only,congested,0.8778333333333334,985.8916500543462,2143.2179541325086,1.0,384.0,0.192,0.0,1.0,0.0,0.0,1.0,0.0,0.0,0.0,0.0,cifar10,42,0.1,128.0,0.125
deadline_greedy,congested,0.8778333333333334,154.37223980239003,294.73787490114876,0.9285,2.0,0.008943000000000001,0.0,1.0,0.0,0.0,0.0,1.0,0.0,0.0,0.0,cifar10,42,0.1,128.0,0.125
oracle_split,congested,0.8778333333333334,154.37223980239003,294.73787490114876,0.9285,2.0,0.008943000000000001,0.0,1.0,0.0,0.0,0.0,1.0,0.0,0.0,0.0,cifar10,42,0.1,128.0,0.125
coda_split_controller,congested,0.8778333333333334,154.37223980239003,294.73787490114876,0.9285,2.0,0.008943000000000001,0.0,1.0,0.0,0.0,0.0,1.0,0.0,0.0,0.0,cifar10,42,0.1,128.0,0.125
coda_controller,congested,0.8778333333333334,61.244400000000006,61.2444,0.0,0.0,0.030621999999999996,0.0,0.0,1.0,0.0,0.0,0.0,0.0,0.0,1.0,cifar10,42,0.1,128.0,0.125
cloud_only,mixed,0.8778333333333334,686.6809062241462,2141.2728520904475,0.9975,384.0,0.192,0.0,1.0,0.0,0.0,1.0,0.0,0.0,0.0,0.0,cifar10,42,0.1,128.0,0.125
deadline_greedy,mixed,0.8778333333333334,185.19527658336773,494.4003234746473,0.8366666666666667,2.0,0.008943000000000001,0.0,1.0,0.0,0.0,0.0,1.0,0.0,0.0,0.0,cifar10,42,0.1,128.0,0.125
oracle_split,mixed,0.8778333333333334,185.1945868868352,494.4003234746473,0.8366666666666667,2.1271666666666667,0.009005826333333335,0.0,1.0,0.0,0.0,0.0003333333333333333,0.9995,0.00016666666666666666,0.0,0.0,cifar10,42,0.1,128.0,0.125
coda_split_controller,mixed,0.8778333333333334,185.19527658336773,494.4003234746473,0.8366666666666667,2.0,0.008943000000000001,0.0,1.0,0.0,0.0,0.0,1.0,0.0,0.0,0.0,cifar10,42,0.1,128.0,0.125
coda_controller,mixed,0.8778333333333334,61.244400000000006,61.2444,0.0,0.0,0.030621999999999996,0.0,0.0,1.0,0.0,0.0,0.0,0.0,0.0,1.0,cifar10,42,0.1,128.0,0.125
cloud_only,wifi,0.8898333333333334,125.1313343816031,183.86445473608217,0.97,384.0,0.192,0.0,1.0,0.0,0.0,1.0,0.0,0.0,0.0,0.0,cifar10,101,0.1,128.0,0.125
deadline_greedy,wifi,0.8898333333333334,56.89284633431108,94.17035847808766,0.1525,2.0,0.008943000000000001,0.0,1.0,0.0,0.0,0.0,1.0,0.0,0.0,0.0,cifar10,101,0.1,128.0,0.125
oracle_split,wifi,0.8898333333333334,56.89284633431108,94.17035847808766,0.1525,2.0,0.008943000000000001,0.0,1.0,0.0,0.0,0.0,1.0,0.0,0.0,0.0,cifar10,101,0.1,128.0,0.125
coda_split_controller,wifi,0.8898333333333334,56.89284633431108,94.17035847808766,0.1525,2.0,0.008943000000000001,0.0,1.0,0.0,0.0,0.0,1.0,0.0,0.0,0.0,cifar10,101,0.1,128.0,0.125
coda_controller,wifi,0.8898333333333334,61.24129675728141,61.2444,0.0006666666666666666,0.006333333333333333,0.03055334983333333,0.0,0.0031666666666666666,0.9968333333333333,0.0,0.0,0.0031666666666666666,0.0,0.0,0.9968333333333333,cifar10,101,0.1,128.0,0.125
cloud_only,lte,0.8898333333333334,361.761041032957,627.9901156215255,0.9998333333333334,384.0,0.192,0.0,1.0,0.0,0.0,1.0,0.0,0.0,0.0,0.0,cifar10,101,0.1,128.0,0.125
deadline_greedy,lte,0.8898333333333334,93.23885257771406,149.6343932463175,0.6803333333333333,2.0,0.008943000000000001,0.0,1.0,0.0,0.0,0.0,1.0,0.0,0.0,0.0,cifar10,101,0.1,128.0,0.125
oracle_split,lte,0.8898333333333334,93.23885257771406,149.6343932463175,0.6803333333333333,2.0,0.008943000000000001,0.0,1.0,0.0,0.0,0.0,1.0,0.0,0.0,0.0,cifar10,101,0.1,128.0,0.125
coda_split_controller,lte,0.8898333333333334,93.23885257771406,149.6343932463175,0.6803333333333333,2.0,0.008943000000000001,0.0,1.0,0.0,0.0,0.0,1.0,0.0,0.0,0.0,cifar10,101,0.1,128.0,0.125
coda_controller,lte,0.8898333333333334,61.244400000000006,61.2444,0.0,0.0,0.030621999999999996,0.0,0.0,1.0,0.0,0.0,0.0,0.0,0.0,1.0,cifar10,101,0.1,128.0,0.125
cloud_only,congested,0.8898333333333334,1008.1891505502463,2235.5723573354026,1.0,384.0,0.192,0.0,1.0,0.0,0.0,1.0,0.0,0.0,0.0,0.0,cifar10,101,0.1,128.0,0.125
deadline_greedy,congested,0.8898333333333334,154.10383299016587,298.4545512772976,0.932,2.0,0.008943000000000001,0.0,1.0,0.0,0.0,0.0,1.0,0.0,0.0,0.0,cifar10,101,0.1,128.0,0.125
oracle_split,congested,0.8898333333333334,154.10383299016587,298.4545512772976,0.932,2.0,0.008943000000000001,0.0,1.0,0.0,0.0,0.0,1.0,0.0,0.0,0.0,cifar10,101,0.1,128.0,0.125
coda_split_controller,congested,0.8898333333333334,154.10383299016587,298.4545512772976,0.932,2.0,0.008943000000000001,0.0,1.0,0.0,0.0,0.0,1.0,0.0,0.0,0.0,cifar10,101,0.1,128.0,0.125
coda_controller,congested,0.8898333333333334,61.244400000000006,61.2444,0.0,0.0,0.030621999999999996,0.0,0.0,1.0,0.0,0.0,0.0,0.0,0.0,1.0,cifar10,101,0.1,128.0,0.125
cloud_only,mixed,0.8898333333333334,724.4903863758371,2198.4105867468684,0.9965,384.0,0.192,0.0,1.0,0.0,0.0,1.0,0.0,0.0,0.0,0.0,cifar10,101,0.1,128.0,0.125
deadline_greedy,mixed,0.8898333333333334,200.72147540681024,554.1534482239164,0.844,2.0,0.008943000000000001,0.0,1.0,0.0,0.0,0.0,1.0,0.0,0.0,0.0,cifar10,101,0.1,128.0,0.125
oracle_split,mixed,0.8898333333333334,200.71920436483995,554.1534482239164,0.844,2.4451666666666667,0.009161988500000003,0.0,1.0,0.0,0.0,0.0011666666666666668,0.9983333333333333,0.0005,0.0,0.0,cifar10,101,0.1,128.0,0.125
coda_split_controller,mixed,0.8898333333333334,200.72147540681024,554.1534482239164,0.844,2.0,0.008943000000000001,0.0,1.0,0.0,0.0,0.0,1.0,0.0,0.0,0.0,cifar10,101,0.1,128.0,0.125
coda_controller,mixed,0.8898333333333334,61.244400000000006,61.2444,0.0,0.0,0.030621999999999996,0.0,0.0,1.0,0.0,0.0,0.0,0.0,0.0,1.0,cifar10,101,0.1,128.0,0.125
cloud_only,wifi,0.961,125.561758540704,186.16636162288606,0.954,384.0,0.192,0.0,1.0,0.0,0.0,1.0,0.0,0.0,0.0,0.0,svhn,7,0.1,128.0,0.125
deadline_greedy,wifi,0.961,57.02661631553061,95.45356243817359,0.112,2.0,0.008943000000000001,0.0,1.0,0.0,0.0,0.0,1.0,0.0,0.0,0.0,svhn,7,0.1,128.0,0.125
oracle_split,wifi,0.961,57.02661631553061,95.45356243817359,0.112,2.0,0.008943000000000001,0.0,1.0,0.0,0.0,0.0,1.0,0.0,0.0,0.0,svhn,7,0.1,128.0,0.125
coda_split_controller,wifi,0.961,57.02661631553061,95.45356243817359,0.112,2.0,0.008943000000000001,0.0,1.0,0.0,0.0,0.0,1.0,0.0,0.0,0.0,svhn,7,0.1,128.0,0.125
coda_controller,wifi,0.961,61.25179041396243,61.2444,0.0005,0.005,0.030567802499999998,0.0,0.0025,0.9975,0.0,0.0,0.0025,0.0,0.0,0.9975,svhn,7,0.1,128.0,0.125
cloud_only,lte,0.961,358.51382902902645,618.9273202636886,1.0,384.0,0.192,0.0,1.0,0.0,0.0,1.0,0.0,0.0,0.0,0.0,svhn,7,0.1,128.0,0.125
deadline_greedy,lte,0.961,92.66990404507735,149.28575695586775,0.5968333333333333,2.0,0.008943000000000001,0.0,1.0,0.0,0.0,0.0,1.0,0.0,0.0,0.0,svhn,7,0.1,128.0,0.125
oracle_split,lte,0.961,92.66990404507735,149.28575695586775,0.5968333333333333,2.0,0.008943000000000001,0.0,1.0,0.0,0.0,0.0,1.0,0.0,0.0,0.0,svhn,7,0.1,128.0,0.125
coda_split_controller,lte,0.961,92.66990404507735,149.28575695586775,0.5968333333333333,2.0,0.008943000000000001,0.0,1.0,0.0,0.0,0.0,1.0,0.0,0.0,0.0,svhn,7,0.1,128.0,0.125
coda_controller,lte,0.961,61.244400000000006,61.2444,0.0,0.0,0.030621999999999996,0.0,0.0,1.0,0.0,0.0,0.0,0.0,0.0,1.0,svhn,7,0.1,128.0,0.125
cloud_only,congested,0.961,1005.4054865162177,2268.754642309336,1.0,384.0,0.192,0.0,1.0,0.0,0.0,1.0,0.0,0.0,0.0,0.0,svhn,7,0.1,128.0,0.125
deadline_greedy,congested,0.961,150.41267284635174,286.07406337223154,0.8968333333333334,2.0,0.008943000000000001,0.0,1.0,0.0,0.0,0.0,1.0,0.0,0.0,0.0,svhn,7,0.1,128.0,0.125
oracle_split,congested,0.961,150.41258607479148,286.07406337223154,0.8968333333333334,1.9998333333333334,0.008944807333333334,0.0,1.0,0.0,0.0,0.0,0.9998333333333334,0.00016666666666666666,0.0,0.0,svhn,7,0.1,128.0,0.125
coda_split_controller,congested,0.961,150.41267284635174,286.07406337223154,0.8968333333333334,2.0,0.008943000000000001,0.0,1.0,0.0,0.0,0.0,1.0,0.0,0.0,0.0,svhn,7,0.1,128.0,0.125
coda_controller,congested,0.961,61.244400000000006,61.2444,0.0,0.0,0.030621999999999996,0.0,0.0,1.0,0.0,0.0,0.0,0.0,0.0,1.0,svhn,7,0.1,128.0,0.125
cloud_only,mixed,0.961,677.7320308695806,2061.492770303128,0.9956666666666667,384.0,0.192,0.0,1.0,0.0,0.0,1.0,0.0,0.0,0.0,0.0,svhn,7,0.1,128.0,0.125
deadline_greedy,mixed,0.961,185.62365692995527,491.09836851451234,0.8038333333333333,2.0,0.008943000000000001,0.0,1.0,0.0,0.0,0.0,1.0,0.0,0.0,0.0,svhn,7,0.1,128.0,0.125
oracle_split,mixed,0.961,185.6230171374158,491.09836851451234,0.8038333333333333,2.1905,0.009039950500000003,0.0,1.0,0.0,0.0,0.0005,0.999,0.0005,0.0,0.0,svhn,7,0.1,128.0,0.125
coda_split_controller,mixed,0.961,185.62365692995527,491.09836851451234,0.8038333333333333,2.0,0.008943000000000001,0.0,1.0,0.0,0.0,0.0,1.0,0.0,0.0,0.0,svhn,7,0.1,128.0,0.125
coda_controller,mixed,0.961,61.244400000000006,61.2444,0.0,0.0,0.030621999999999996,0.0,0.0,1.0,0.0,0.0,0.0,0.0,0.0,1.0,svhn,7,0.1,128.0,0.125
cloud_only,wifi,0.9615,125.40936311807634,184.88646741108602,0.951,384.0,0.192,0.0,1.0,0.0,0.0,1.0,0.0,0.0,0.0,0.0,svhn,13,0.1,128.0,0.125
deadline_greedy,wifi,0.9615,56.92437411085295,94.109903858513,0.11216666666666666,2.0,0.008943000000000001,0.0,1.0,0.0,0.0,0.0,1.0,0.0,0.0,0.0,svhn,13,0.1,128.0,0.125
oracle_split,wifi,0.9615,56.92437411085295,94.109903858513,0.11216666666666666,2.0,0.008943000000000001,0.0,1.0,0.0,0.0,0.0,1.0,0.0,0.0,0.0,svhn,13,0.1,128.0,0.125
coda_split_controller,wifi,0.9615,56.92437411085295,94.109903858513,0.11216666666666666,2.0,0.008943000000000001,0.0,1.0,0.0,0.0,0.0,1.0,0.0,0.0,0.0,svhn,13,0.1,128.0,0.125
coda_controller,wifi,0.9615,61.20421393831112,61.2444,0.0013333333333333333,0.021666666666666667,0.030387144166666664,0.0,0.010833333333333334,0.9891666666666666,0.0,0.0,0.010833333333333334,0.0,0.0,0.9891666666666666,svhn,13,0.1,128.0,0.125
cloud_only,lte,0.9615,360.5664084934493,614.3515636849509,1.0,384.0,0.192,0.0,1.0,0.0,0.0,1.0,0.0,0.0,0.0,0.0,svhn,13,0.1,128.0,0.125
deadline_greedy,lte,0.9615,93.81466928213132,150.79468624597826,0.6048333333333333,2.0,0.008943000000000001,0.0,1.0,0.0,0.0,0.0,1.0,0.0,0.0,0.0,svhn,13,0.1,128.0,0.125
oracle_split,lte,0.9615,93.81466928213132,150.79468624597826,0.6048333333333333,2.0,0.008943000000000001,0.0,1.0,0.0,0.0,0.0,1.0,0.0,0.0,0.0,svhn,13,0.1,128.0,0.125
coda_split_controller,lte,0.9615,93.81466928213132,150.79468624597826,0.6048333333333333,2.0,0.008943000000000001,0.0,1.0,0.0,0.0,0.0,1.0,0.0,0.0,0.0,svhn,13,0.1,128.0,0.125
coda_controller,lte,0.9615,61.244400000000006,61.2444,0.0,0.0,0.030621999999999996,0.0,0.0,1.0,0.0,0.0,0.0,0.0,0.0,1.0,svhn,13,0.1,128.0,0.125
cloud_only,congested,0.9615,997.4408441497328,2190.3682462051875,1.0,384.0,0.192,0.0,1.0,0.0,0.0,1.0,0.0,0.0,0.0,0.0,svhn,13,0.1,128.0,0.125
deadline_greedy,congested,0.9615,155.46415662189946,302.8952395671576,0.9033333333333333,2.0,0.008943000000000001,0.0,1.0,0.0,0.0,0.0,1.0,0.0,0.0,0.0,svhn,13,0.1,128.0,0.125
oracle_split,congested,0.9615,155.46415662189946,302.8952395671576,0.9033333333333333,2.0,0.008943000000000001,0.0,1.0,0.0,0.0,0.0,1.0,0.0,0.0,0.0,svhn,13,0.1,128.0,0.125
coda_split_controller,congested,0.9615,155.46415662189946,302.8952395671576,0.9033333333333333,2.0,0.008943000000000001,0.0,1.0,0.0,0.0,0.0,1.0,0.0,0.0,0.0,svhn,13,0.1,128.0,0.125
coda_controller,congested,0.9615,61.244400000000006,61.2444,0.0,0.0,0.030621999999999996,0.0,0.0,1.0,0.0,0.0,0.0,0.0,0.0,1.0,svhn,13,0.1,128.0,0.125
cloud_only,mixed,0.9615,686.0903094214954,2097.7689229284733,0.9963333333333333,384.0,0.192,0.0,1.0,0.0,0.0,1.0,0.0,0.0,0.0,0.0,svhn,13,0.1,128.0,0.125
deadline_greedy,mixed,0.9615,188.3642372136121,501.1703125467308,0.8143333333333334,2.0,0.008943000000000001,0.0,1.0,0.0,0.0,0.0,1.0,0.0,0.0,0.0,svhn,13,0.1,128.0,0.125
oracle_split,mixed,0.9615,188.36124959877708,501.1703125467308,0.8143333333333334,2.381666666666667,0.009129671666666669,0.0,1.0,0.0,0.0,0.001,0.9986666666666667,0.0003333333333333333,0.0,0.0,svhn,13,0.1,128.0,0.125
coda_split_controller,mixed,0.9615,188.3642372136121,501.1703125467308,0.8143333333333334,2.0,0.008943000000000001,0.0,1.0,0.0,0.0,0.0,1.0,0.0,0.0,0.0,svhn,13,0.1,128.0,0.125
coda_controller,mixed,0.9615,61.244400000000006,61.2444,0.0,0.0,0.030621999999999996,0.0,0.0,1.0,0.0,0.0,0.0,0.0,0.0,1.0,svhn,13,0.1,128.0,0.125
cloud_only,wifi,0.958,124.9835683957682,184.24098345727276,0.9533333333333334,384.0,0.192,0.0,1.0,0.0,0.0,1.0,0.0,0.0,0.0,0.0,svhn,29,0.1,128.0,0.125
deadline_greedy,wifi,0.958,56.95405077428588,95.29723184552384,0.11383333333333333,2.0,0.008943000000000001,0.0,1.0,0.0,0.0,0.0,1.0,0.0,0.0,0.0,svhn,29,0.1,128.0,0.125
oracle_split,wifi,0.958,56.95405077428588,95.29723184552384,0.11383333333333333,2.0,0.008943000000000001,0.0,1.0,0.0,0.0,0.0,1.0,0.0,0.0,0.0,svhn,29,0.1,128.0,0.125
coda_split_controller,wifi,0.958,56.95405077428588,95.29723184552384,0.11383333333333333,2.0,0.008943000000000001,0.0,1.0,0.0,0.0,0.0,1.0,0.0,0.0,0.0,svhn,29,0.1,128.0,0.125
coda_controller,wifi,0.958,61.11861432017645,61.2444,0.0018333333333333333,0.04133333333333333,0.03017396733333333,0.0,0.020666666666666667,0.9793333333333333,0.0,0.0,0.020666666666666667,0.0,0.0,0.9793333333333333,svhn,29,0.1,128.0,0.125
cloud_only,lte,0.958,364.3673225496021,630.6774379601488,1.0,384.0,0.192,0.0,1.0,0.0,0.0,1.0,0.0,0.0,0.0,0.0,svhn,29,0.1,128.0,0.125
deadline_greedy,lte,0.958,93.92655382320035,149.92915906609664,0.611,2.0,0.008943000000000001,0.0,1.0,0.0,0.0,0.0,1.0,0.0,0.0,0.0,svhn,29,0.1,128.0,0.125
oracle_split,lte,0.958,93.92655382320035,149.92915906609664,0.611,2.0,0.008943000000000001,0.0,1.0,0.0,0.0,0.0,1.0,0.0,0.0,0.0,svhn,29,0.1,128.0,0.125
coda_split_controller,lte,0.958,93.92655382320035,149.92915906609664,0.611,2.0,0.008943000000000001,0.0,1.0,0.0,0.0,0.0,1.0,0.0,0.0,0.0,svhn,29,0.1,128.0,0.125
coda_controller,lte,0.958,61.244400000000006,61.2444,0.0,0.0,0.030621999999999996,0.0,0.0,1.0,0.0,0.0,0.0,0.0,0.0,1.0,svhn,29,0.1,128.0,0.125
cloud_only,congested,0.958,1000.867307663294,2190.8066696513692,1.0,384.0,0.192,0.0,1.0,0.0,0.0,1.0,0.0,0.0,0.0,0.0,svhn,29,0.1,128.0,0.125
deadline_greedy,congested,0.958,154.43646731706892,297.51014122461424,0.901,2.0,0.008943000000000001,0.0,1.0,0.0,0.0,0.0,1.0,0.0,0.0,0.0,svhn,29,0.1,128.0,0.125
oracle_split,congested,0.958,154.43646731706892,297.51014122461424,0.901,2.0,0.008943000000000001,0.0,1.0,0.0,0.0,0.0,1.0,0.0,0.0,0.0,svhn,29,0.1,128.0,0.125
coda_split_controller,congested,0.958,154.43646731706892,297.51014122461424,0.901,2.0,0.008943000000000001,0.0,1.0,0.0,0.0,0.0,1.0,0.0,0.0,0.0,svhn,29,0.1,128.0,0.125
coda_controller,congested,0.958,61.244400000000006,61.2444,0.0,0.0,0.030621999999999996,0.0,0.0,1.0,0.0,0.0,0.0,0.0,0.0,1.0,svhn,29,0.1,128.0,0.125
cloud_only,mixed,0.958,736.9284054257761,2249.0667585448136,0.9965,384.0,0.192,0.0,1.0,0.0,0.0,1.0,0.0,0.0,0.0,0.0,svhn,29,0.1,128.0,0.125
deadline_greedy,mixed,0.958,195.27177343773783,509.537404821925,0.8195,2.0,0.008943000000000001,0.0,1.0,0.0,0.0,0.0,1.0,0.0,0.0,0.0,svhn,29,0.1,128.0,0.125
oracle_split,mixed,0.958,195.26991828086565,509.537404821925,0.8195,2.1905,0.009039950500000001,0.0,1.0,0.0,0.0,0.0005,0.999,0.0005,0.0,0.0,svhn,29,0.1,128.0,0.125
coda_split_controller,mixed,0.958,195.27177343773783,509.537404821925,0.8195,2.0,0.008943000000000001,0.0,1.0,0.0,0.0,0.0,1.0,0.0,0.0,0.0,svhn,29,0.1,128.0,0.125
coda_controller,mixed,0.958,61.244400000000006,61.2444,0.0,0.0,0.030621999999999996,0.0,0.0,1.0,0.0,0.0,0.0,0.0,0.0,1.0,svhn,29,0.1,128.0,0.125
cloud_only,wifi,0.9605,125.49027058029776,186.19865952787126,0.9478333333333333,384.0,0.192,0.0,1.0,0.0,0.0,1.0,0.0,0.0,0.0,0.0,svhn,42,0.1,128.0,0.125
deadline_greedy,wifi,0.9605,56.840956764969924,94.60517787739126,0.1175,2.0,0.008943000000000001,0.0,1.0,0.0,0.0,0.0,1.0,0.0,0.0,0.0,svhn,42,0.1,128.0,0.125
oracle_split,wifi,0.9605,56.840956764969924,94.60517787739126,0.1175,2.0,0.008943000000000001,0.0,1.0,0.0,0.0,0.0,1.0,0.0,0.0,0.0,svhn,42,0.1,128.0,0.125
coda_split_controller,wifi,0.9605,56.840956764969924,94.60517787739126,0.1175,2.0,0.008943000000000001,0.0,1.0,0.0,0.0,0.0,1.0,0.0,0.0,0.0,svhn,42,0.1,128.0,0.125
coda_controller,wifi,0.9605,61.22624383852039,61.2444,0.0006666666666666666,0.012666666666666666,0.030484699666666663,0.0,0.006333333333333333,0.9936666666666667,0.0,0.0,0.006333333333333333,0.0,0.0,0.9936666666666667,svhn,42,0.1,128.0,0.125
cloud_only,lte,0.9605,358.5944356504982,622.1940079147962,1.0,384.0,0.192,0.0,1.0,0.0,0.0,1.0,0.0,0.0,0.0,0.0,svhn,42,0.1,128.0,0.125
deadline_greedy,lte,0.9605,92.88860561403371,150.37342092792323,0.5945,2.0,0.008943000000000001,0.0,1.0,0.0,0.0,0.0,1.0,0.0,0.0,0.0,svhn,42,0.1,128.0,0.125
oracle_split,lte,0.9605,92.88860561403371,150.37342092792323,0.5945,2.0,0.008943000000000001,0.0,1.0,0.0,0.0,0.0,1.0,0.0,0.0,0.0,svhn,42,0.1,128.0,0.125
coda_split_controller,lte,0.9605,92.88860561403371,150.37342092792323,0.5945,2.0,0.008943000000000001,0.0,1.0,0.0,0.0,0.0,1.0,0.0,0.0,0.0,svhn,42,0.1,128.0,0.125
coda_controller,lte,0.9605,61.244400000000006,61.2444,0.0,0.0,0.030621999999999996,0.0,0.0,1.0,0.0,0.0,0.0,0.0,0.0,1.0,svhn,42,0.1,128.0,0.125
cloud_only,congested,0.9605,998.1796915763413,2208.4679888947658,1.0,384.0,0.192,0.0,1.0,0.0,0.0,1.0,0.0,0.0,0.0,0.0,svhn,42,0.1,128.0,0.125
deadline_greedy,congested,0.9605,155.25267456751604,290.1856781819885,0.9111666666666667,2.0,0.008943000000000001,0.0,1.0,0.0,0.0,0.0,1.0,0.0,0.0,0.0,svhn,42,0.1,128.0,0.125
oracle_split,congested,0.9605,155.25267456751604,290.1856781819885,0.9111666666666667,2.0,0.008943000000000001,0.0,1.0,0.0,0.0,0.0,1.0,0.0,0.0,0.0,svhn,42,0.1,128.0,0.125
coda_split_controller,congested,0.9605,155.25267456751604,290.1856781819885,0.9111666666666667,2.0,0.008943000000000001,0.0,1.0,0.0,0.0,0.0,1.0,0.0,0.0,0.0,svhn,42,0.1,128.0,0.125
coda_controller,congested,0.9605,61.244400000000006,61.2444,0.0,0.0,0.030621999999999996,0.0,0.0,1.0,0.0,0.0,0.0,0.0,0.0,1.0,svhn,42,0.1,128.0,0.125
cloud_only,mixed,0.9605,764.8194924503617,2377.6447838793547,0.996,384.0,0.192,0.0,1.0,0.0,0.0,1.0,0.0,0.0,0.0,0.0,svhn,42,0.1,128.0,0.125
deadline_greedy,mixed,0.9605,203.69810932242422,568.0057403968992,0.8221666666666667,2.0,0.008943000000000001,0.0,1.0,0.0,0.0,0.0,1.0,0.0,0.0,0.0,svhn,42,0.1,128.0,0.125
oracle_split,mixed,0.9605,203.69661219500344,568.0057403968992,0.8221666666666667,2.2536666666666667,0.009075882000000002,0.0,1.0,0.0,0.0,0.0006666666666666666,0.9983333333333333,0.001,0.0,0.0,svhn,42,0.1,128.0,0.125
coda_split_controller,mixed,0.9605,203.69810932242422,568.0057403968992,0.8221666666666667,2.0,0.008943000000000001,0.0,1.0,0.0,0.0,0.0,1.0,0.0,0.0,0.0,svhn,42,0.1,128.0,0.125
coda_controller,mixed,0.9605,61.244400000000006,61.2444,0.0,0.0,0.030621999999999996,0.0,0.0,1.0,0.0,0.0,0.0,0.0,0.0,1.0,svhn,42,0.1,128.0,0.125
cloud_only,wifi,0.9645,125.60225397684937,184.7870093832512,0.9523333333333334,384.0,0.192,0.0,1.0,0.0,0.0,1.0,0.0,0.0,0.0,0.0,svhn,101,0.1,128.0,0.125
deadline_greedy,wifi,0.9645,56.64647759269929,94.5273646181382,0.10866666666666666,2.0,0.008943000000000001,0.0,1.0,0.0,0.0,0.0,1.0,0.0,0.0,0.0,svhn,101,0.1,128.0,0.125
oracle_split,wifi,0.9645,56.64647759269929,94.5273646181382,0.10866666666666666,2.0,0.008943000000000001,0.0,1.0,0.0,0.0,0.0,1.0,0.0,0.0,0.0,svhn,101,0.1,128.0,0.125
coda_split_controller,wifi,0.9645,56.64647759269929,94.5273646181382,0.10866666666666666,2.0,0.008943000000000001,0.0,1.0,0.0,0.0,0.0,1.0,0.0,0.0,0.0,svhn,101,0.1,128.0,0.125
coda_controller,wifi,0.9645,61.249351314436254,61.2444,0.00016666666666666666,0.0006666666666666666,0.030614773666666664,0.0,0.0003333333333333333,0.9996666666666667,0.0,0.0,0.0003333333333333333,0.0,0.0,0.9996666666666667,svhn,101,0.1,128.0,0.125
cloud_only,lte,0.9645,360.2644224332207,623.3604892411075,1.0,384.0,0.192,0.0,1.0,0.0,0.0,1.0,0.0,0.0,0.0,0.0,svhn,101,0.1,128.0,0.125
deadline_greedy,lte,0.9645,93.90095977695701,152.0859367723352,0.6086666666666667,2.0,0.008943000000000001,0.0,1.0,0.0,0.0,0.0,1.0,0.0,0.0,0.0,svhn,101,0.1,128.0,0.125
oracle_split,lte,0.9645,93.90095977695701,152.0859367723352,0.6086666666666667,2.0,0.008943000000000001,0.0,1.0,0.0,0.0,0.0,1.0,0.0,0.0,0.0,svhn,101,0.1,128.0,0.125
coda_split_controller,lte,0.9645,93.90095977695701,152.0859367723352,0.6086666666666667,2.0,0.008943000000000001,0.0,1.0,0.0,0.0,0.0,1.0,0.0,0.0,0.0,svhn,101,0.1,128.0,0.125
coda_controller,lte,0.9645,61.244400000000006,61.2444,0.0,0.0,0.030621999999999996,0.0,0.0,1.0,0.0,0.0,0.0,0.0,0.0,1.0,svhn,101,0.1,128.0,0.125
cloud_only,congested,0.9645,1003.1733378649789,2217.0345167369846,1.0,384.0,0.192,0.0,1.0,0.0,0.0,1.0,0.0,0.0,0.0,0.0,svhn,101,0.1,128.0,0.125
deadline_greedy,congested,0.9645,154.56302056721,293.2916000143299,0.9121666666666667,2.0,0.008943000000000001,0.0,1.0,0.0,0.0,0.0,1.0,0.0,0.0,0.0,svhn,101,0.1,128.0,0.125
oracle_split,congested,0.9645,154.56302056721,293.2916000143299,0.9121666666666667,2.0,0.008943000000000001,0.0,1.0,0.0,0.0,0.0,1.0,0.0,0.0,0.0,svhn,101,0.1,128.0,0.125
coda_split_controller,congested,0.9645,154.56302056721,293.2916000143299,0.9121666666666667,2.0,0.008943000000000001,0.0,1.0,0.0,0.0,0.0,1.0,0.0,0.0,0.0,svhn,101,0.1,128.0,0.125
coda_controller,congested,0.9645,61.244400000000006,61.2444,0.0,0.0,0.030621999999999996,0.0,0.0,1.0,0.0,0.0,0.0,0.0,0.0,1.0,svhn,101,0.1,128.0,0.125
cloud_only,mixed,0.9645,717.6883435740818,2186.820711127613,0.9958333333333333,384.0,0.192,0.0,1.0,0.0,0.0,1.0,0.0,0.0,0.0,0.0,svhn,101,0.1,128.0,0.125
deadline_greedy,mixed,0.9645,198.9752067972402,541.3536498010382,0.8146666666666667,2.0,0.008943000000000001,0.0,1.0,0.0,0.0,0.0,1.0,0.0,0.0,0.0,svhn,101,0.1,128.0,0.125
oracle_split,mixed,0.9645,198.97312371724416,541.3536498010382,0.8146666666666667,2.2546666666666666,0.009065038000000001,0.0,1.0,0.0,0.0,0.0006666666666666666,0.9993333333333333,0.0,0.0,0.0,svhn,101,0.1,128.0,0.125
coda_split_controller,mixed,0.9645,198.9752067972402,541.3536498010382,0.8146666666666667,2.0,0.008943000000000001,0.0,1.0,0.0,0.0,0.0,1.0,0.0,0.0,0.0,svhn,101,0.1,128.0,0.125
coda_controller,mixed,0.9645,61.244400000000006,61.2444,0.0,0.0,0.030621999999999996,0.0,0.0,1.0,0.0,0.0,0.0,0.0,0.0,1.0,svhn,101,0.1,128.0,0.125
